fpr,tpr,get_auc_value,thresholds
"[0.         0.         0.         0.         0.         0.00373134
 0.00373134 0.00746269 0.00746269 0.00746269 0.00746269 0.00746269
 0.00746269 0.00746269 0.00746269 0.00746269 0.00746269 0.00746269
 0.01119403 0.01119403 0.01119403 0.01119403 0.01492537 0.01492537
 0.01865672 0.01865672 0.02985075 0.02985075 0.03731343 0.03731343
 0.04477612 0.04477612 0.04850746 0.04850746 0.05223881 0.05223881
 0.05597015 0.05597015 0.06716418 0.06716418 0.07089552 0.07089552
 0.07089552 0.07462687 0.07462687 0.09328358 0.09328358 0.09328358
 0.09328358 0.09701493 0.09701493 0.10074627 0.10074627 0.10447761
 0.10447761 0.10447761 0.10447761 0.11567164 0.11567164 0.11940299
 0.12686567 0.12686567 0.14179104 0.14179104 0.15298507 0.15298507
 0.15671642 0.15671642 0.16044776 0.1641791  0.1641791  0.17164179
 0.17164179 0.18283582 0.18283582 0.18283582 0.18656716 0.18656716
 0.19029851 0.19029851 0.19402985 0.19402985 0.20895522 0.21641791
 0.22014925 0.22014925 0.24626866 0.24626866 0.2761194  0.2761194
 0.30223881 0.30223881 0.31343284 0.32089552 0.32462687 0.32462687
 0.33208955 0.36567164 0.36567164 0.38059701 0.3880597  0.44402985
 0.44402985 0.45522388 0.45522388 0.46641791 0.46641791 0.51492537
 0.52238806 0.52238806 0.54477612 0.54477612 0.55970149 0.57462687
 0.57462687 0.5858209  0.59328358 0.63059701 0.6380597  0.65671642
 0.6641791  0.67537313 0.68656716 0.69029851 0.69029851 0.7238806
 0.73134328 0.75746269 0.75746269 0.76865672 0.76865672 0.77985075
 0.77985075 0.79850746 0.79850746 0.80597015 0.80597015 0.85074627
 0.8619403  0.8619403  0.86940299 0.88059701 0.90298507 0.90298507
 0.92537313 0.93656716 0.94402985 0.94402985 0.95149254 0.95895522
 0.99253731 1.        ]","[0.         0.01459854 0.02189781 0.03649635 0.10218978 0.10218978
 0.13138686 0.13138686 0.13868613 0.16788321 0.17518248 0.18978102
 0.20437956 0.2189781  0.22627737 0.24817518 0.25547445 0.27737226
 0.27737226 0.29927007 0.33576642 0.3649635  0.3649635  0.37226277
 0.37226277 0.38686131 0.38686131 0.39416058 0.39416058 0.41605839
 0.41605839 0.44525547 0.44525547 0.45255474 0.45255474 0.47445255
 0.47445255 0.48175182 0.48175182 0.49635036 0.49635036 0.50364964
 0.51824818 0.51824818 0.52554745 0.52554745 0.55474453 0.56934307
 0.59124088 0.59124088 0.60583942 0.60583942 0.62043796 0.62043796
 0.62773723 0.64233577 0.65693431 0.65693431 0.67153285 0.67153285
 0.67153285 0.67883212 0.67883212 0.70072993 0.70072993 0.7080292
 0.7080292  0.71532847 0.71532847 0.72262774 0.72992701 0.72992701
 0.74452555 0.74452555 0.75912409 0.77372263 0.77372263 0.7810219
 0.7810219  0.78832117 0.78832117 0.81021898 0.81021898 0.81021898
 0.81021898 0.81751825 0.81751825 0.83211679 0.83211679 0.84671533
 0.84671533 0.8540146  0.8540146  0.8540146  0.8540146  0.86131387
 0.86131387 0.86131387 0.86861314 0.86861314 0.86861314 0.86861314
 0.87591241 0.87591241 0.89051095 0.89051095 0.89781022 0.89781022
 0.89781022 0.90510949 0.90510949 0.91240876 0.91240876 0.91240876
 0.91970803 0.91970803 0.91970803 0.91970803 0.91970803 0.91970803
 0.91970803 0.91970803 0.91970803 0.91970803 0.9270073  0.9270073
 0.9270073  0.9270073  0.94160584 0.94160584 0.94890511 0.94890511
 0.95620438 0.95620438 0.96350365 0.96350365 0.97080292 0.97080292
 0.97080292 0.97810219 0.97810219 0.97810219 0.97810219 0.98540146
 0.98540146 0.98540146 0.98540146 1.         1.         1.
 1.         1.        ]",0.8445500599193813,"[1.99050081e+00 9.90500808e-01 9.79834855e-01 9.77931917e-01
 9.57116663e-01 9.56155241e-01 9.40461278e-01 9.40192401e-01
 9.39426184e-01 9.38834250e-01 9.36056733e-01 9.35036719e-01
 9.32021141e-01 9.31272268e-01 9.30812836e-01 9.26537752e-01
 9.24809217e-01 9.23834145e-01 9.22158360e-01 9.18440223e-01
 9.15564299e-01 9.01410580e-01 9.00814295e-01 8.96554828e-01
 8.96056414e-01 8.84692073e-01 8.77506912e-01 8.71032715e-01
 8.70188534e-01 8.52905869e-01 8.43719959e-01 8.32558334e-01
 8.28930080e-01 8.28531265e-01 8.24993014e-01 8.20933759e-01
 8.20506394e-01 8.16004217e-01 8.06584537e-01 7.94925213e-01
 7.94694543e-01 7.84062982e-01 7.75358498e-01 7.74679542e-01
 7.70966351e-01 7.49779403e-01 7.40114689e-01 7.32538521e-01
 7.09866226e-01 7.03652501e-01 7.03409851e-01 7.00747311e-01
 6.77422702e-01 6.75125420e-01 6.74312413e-01 6.71058714e-01
 6.67508006e-01 6.53341174e-01 6.44501090e-01 6.34143829e-01
 6.17901862e-01 6.15309477e-01 6.01880372e-01 5.72237790e-01
 5.60317099e-01 5.47735155e-01 5.44465005e-01 5.40161192e-01
 5.35598814e-01 5.31634390e-01 5.30389249e-01 4.93135273e-01
 4.83831346e-01 4.61971194e-01 4.44777668e-01 4.42571491e-01
 4.20899689e-01 4.20498818e-01 4.17295903e-01 4.13724631e-01
 4.12768513e-01 3.80172461e-01 3.60699266e-01 3.58713895e-01
 3.58504266e-01 3.57761234e-01 3.27781767e-01 3.17153841e-01
 2.77962655e-01 2.73896813e-01 2.38276064e-01 2.37580597e-01
 2.21628234e-01 2.20093921e-01 2.17476502e-01 2.16498315e-01
 2.13665366e-01 1.84916437e-01 1.84336245e-01 1.64635614e-01
 1.63491562e-01 1.22417323e-01 1.20693170e-01 1.10241883e-01
 1.06919512e-01 1.00306340e-01 9.95537713e-02 7.53471479e-02
 7.49578923e-02 7.33762756e-02 6.42019510e-02 6.27210736e-02
 5.84963597e-02 5.79932965e-02 5.79724833e-02 5.50813228e-02
 5.43928966e-02 4.42442782e-02 4.13098149e-02 3.96340266e-02
 3.75548340e-02 3.53590138e-02 3.48100066e-02 3.43559682e-02
 3.43405493e-02 2.87559740e-02 2.85422113e-02 2.57721748e-02
 2.53318995e-02 2.43311357e-02 2.35705879e-02 2.28017326e-02
 2.27303468e-02 2.10149102e-02 2.06755903e-02 2.06496920e-02
 2.04100162e-02 1.38889775e-02 1.33855734e-02 1.30709950e-02
 1.23434123e-02 1.19961221e-02 1.10345064e-02 1.09981252e-02
 8.83783493e-03 8.67591985e-03 5.48187084e-03 5.05585363e-03
 4.57524508e-03 4.56668204e-03 1.72702875e-03 1.56650250e-03]"
"[0.         0.         0.         0.         0.         0.
 0.         0.         0.         0.         0.00373134 0.00373134
 0.00373134 0.00373134 0.00373134 0.00373134 0.00373134 0.00373134
 0.00746269 0.00746269 0.00746269 0.00746269 0.00746269 0.00746269
 0.01119403 0.01119403 0.01492537 0.01492537 0.01865672 0.01865672
 0.0261194  0.0261194  0.02985075 0.02985075 0.03358209 0.03358209
 0.03731343 0.03731343 0.04104478 0.04104478 0.04477612 0.04477612
 0.05223881 0.05223881 0.06343284 0.06343284 0.06343284 0.06343284
 0.07089552 0.07089552 0.09328358 0.09328358 0.10447761 0.10447761
 0.11567164 0.11567164 0.11940299 0.12686567 0.13432836 0.13432836
 0.1380597  0.1380597  0.14179104 0.14179104 0.15671642 0.15671642
 0.17164179 0.17537313 0.18283582 0.18283582 0.19402985 0.19402985
 0.19776119 0.19776119 0.21268657 0.21268657 0.23507463 0.24253731
 0.24626866 0.24626866 0.25       0.25       0.25373134 0.25373134
 0.26119403 0.26119403 0.28731343 0.28731343 0.29850746 0.29850746
 0.31343284 0.31343284 0.32835821 0.32835821 0.37313433 0.37313433
 0.39179104 0.39925373 0.42537313 0.42537313 0.42910448 0.42910448
 0.43656716 0.46641791 0.46641791 0.50746269 0.50746269 0.5261194
 0.5261194  0.52985075 0.52985075 0.54104478 0.54104478 0.57835821
 0.57835821 0.58208955 0.58955224 0.59701493 0.60447761 0.6119403
 0.62313433 0.64552239 0.65298507 0.65671642 0.6641791  0.6641791
 0.67164179 0.67910448 0.7238806  0.7238806  0.76492537 0.77985075
 0.77985075 0.79850746 0.79850746 0.80597015 0.85447761 0.85447761
 0.86940299 0.86940299 0.89179104 0.90298507 0.94776119 0.95895522
 0.96641791 0.97761194 0.98134328 0.98880597 0.99253731 1.        ]","[0.         0.01459854 0.02919708 0.08029197 0.11678832 0.13138686
 0.16058394 0.16788321 0.18978102 0.21167883 0.21167883 0.24087591
 0.25547445 0.27737226 0.2919708  0.30656934 0.32116788 0.34306569
 0.34306569 0.38686131 0.40145985 0.42335766 0.4379562  0.45255474
 0.45255474 0.45985401 0.45985401 0.52554745 0.52554745 0.53284672
 0.53284672 0.56934307 0.56934307 0.57664234 0.57664234 0.58394161
 0.58394161 0.59124088 0.59124088 0.59854015 0.59854015 0.60583942
 0.60583942 0.62773723 0.62773723 0.64963504 0.66423358 0.67153285
 0.67153285 0.67883212 0.67883212 0.68613139 0.68613139 0.69343066
 0.69343066 0.70072993 0.70072993 0.70072993 0.70072993 0.7080292
 0.7080292  0.71532847 0.71532847 0.72262774 0.72262774 0.74452555
 0.74452555 0.75182482 0.75182482 0.77372263 0.77372263 0.7810219
 0.7810219  0.78832117 0.78832117 0.79562044 0.79562044 0.79562044
 0.79562044 0.81021898 0.81021898 0.81751825 0.81751825 0.83211679
 0.83211679 0.83941606 0.83941606 0.84671533 0.84671533 0.8540146
 0.8540146  0.86131387 0.86131387 0.86861314 0.86861314 0.87591241
 0.87591241 0.87591241 0.87591241 0.88321168 0.88321168 0.89051095
 0.89051095 0.89051095 0.89781022 0.89781022 0.90510949 0.90510949
 0.91240876 0.91240876 0.91970803 0.91970803 0.9270073  0.9270073
 0.93430657 0.93430657 0.93430657 0.93430657 0.93430657 0.93430657
 0.93430657 0.93430657 0.93430657 0.93430657 0.93430657 0.94890511
 0.94890511 0.94890511 0.94890511 0.95620438 0.95620438 0.95620438
 0.96350365 0.96350365 0.97810219 0.97810219 0.97810219 0.99270073
 0.99270073 1.         1.         1.         1.         1.
 1.         1.         1.         1.         1.         1.        ]",0.8692259505392745,"[1.98440021 0.98440021 0.97806007 0.96109378 0.95927298 0.95524359
 0.95367086 0.95048016 0.94924027 0.94603729 0.9450742  0.940018
 0.93978447 0.93948638 0.93910617 0.93763304 0.93733782 0.93041164
 0.92971331 0.91327918 0.91191626 0.90491712 0.90266478 0.89234757
 0.89162236 0.89138019 0.88865298 0.86386901 0.86323208 0.85779053
 0.85042995 0.81789619 0.81654829 0.8147853  0.81077141 0.81008869
 0.8088814  0.80803382 0.79455948 0.78360456 0.77491921 0.76837766
 0.756383   0.73270965 0.68941104 0.67386723 0.67221117 0.66997927
 0.64882332 0.61912203 0.57160324 0.56904656 0.54937518 0.54707932
 0.53116107 0.52264231 0.51902932 0.51320988 0.50601453 0.50540578
 0.50398302 0.49716061 0.49516267 0.49138597 0.47055292 0.42553237
 0.41213173 0.40894747 0.39397916 0.37220424 0.35053155 0.34984592
 0.34607464 0.34340116 0.31405267 0.31289297 0.26502016 0.24261406
 0.24016379 0.2340408  0.22732735 0.22587268 0.22315258 0.21811998
 0.204926   0.20368405 0.18896046 0.1884791  0.17724445 0.17440097
 0.16786195 0.16573846 0.14733349 0.14689139 0.12344275 0.1172241
 0.10973457 0.10603797 0.09591459 0.09570303 0.09204446 0.0917853
 0.08917682 0.07869298 0.076484   0.06312342 0.06301111 0.06108974
 0.05932567 0.05782758 0.0577163  0.05465165 0.05368013 0.04746527
 0.04601515 0.0452315  0.04420122 0.04339333 0.04242869 0.04156865
 0.03888039 0.03440829 0.03414176 0.03371052 0.03367587 0.03341068
 0.03259172 0.03243034 0.02640131 0.02585771 0.02338428 0.02329507
 0.02210872 0.02021405 0.01983616 0.01920969 0.01648716 0.01579093
 0.01484027 0.01441858 0.01229221 0.01201359 0.00758591 0.00742645
 0.00709317 0.0070696  0.00666557 0.00640736 0.00561058 0.00518043]"
"[0.         0.         0.         0.         0.         0.
 0.         0.         0.00373134 0.00373134 0.00373134 0.00373134
 0.00373134 0.00373134 0.00373134 0.00373134 0.00746269 0.00746269
 0.01865672 0.01865672 0.0261194  0.0261194  0.0261194  0.02985075
 0.02985075 0.03358209 0.03358209 0.03731343 0.03731343 0.04104478
 0.04104478 0.04104478 0.04104478 0.04477612 0.04477612 0.04850746
 0.04850746 0.05223881 0.05223881 0.05223881 0.05597015 0.05597015
 0.06343284 0.06343284 0.06343284 0.06343284 0.07089552 0.07089552
 0.07462687 0.07462687 0.08208955 0.08208955 0.0858209  0.0858209
 0.08955224 0.08955224 0.09701493 0.09701493 0.10820896 0.10820896
 0.11567164 0.12313433 0.12686567 0.13059701 0.14552239 0.14552239
 0.15671642 0.15671642 0.16791045 0.16791045 0.17537313 0.17537313
 0.17910448 0.17910448 0.18283582 0.18283582 0.24253731 0.24253731
 0.25746269 0.25746269 0.27238806 0.27238806 0.2761194  0.2761194
 0.27985075 0.27985075 0.28358209 0.29104478 0.30597015 0.31343284
 0.32835821 0.32835821 0.34701493 0.34701493 0.35447761 0.35447761
 0.3619403  0.3619403  0.37313433 0.37313433 0.3880597  0.3880597
 0.39552239 0.40298507 0.41791045 0.41791045 0.42910448 0.42910448
 0.44776119 0.45522388 0.49253731 0.5        0.50373134 0.50373134
 0.51119403 0.56716418 0.57462687 0.58208955 0.58955224 0.58955224
 0.60820896 0.62313433 0.62313433 0.62686567 0.62686567 0.65671642
 0.65671642 0.67537313 0.67537313 0.69402985 0.69402985 0.73134328
 0.73880597 0.75       0.75373134 0.75373134 0.7761194  0.7761194
 0.79850746 0.79850746 0.81343284 0.81343284 0.85447761 0.86567164
 0.89552239 0.90671642 0.91044776 0.92164179 0.93656716 0.93656716
 0.95149254 0.95149254 0.96268657 0.97014925 0.98880597 0.98880597
 0.99626866 1.        ]","[0.         0.01459854 0.02919708 0.06569343 0.09489051 0.12408759
 0.13868613 0.17518248 0.17518248 0.20437956 0.22627737 0.25547445
 0.27007299 0.27737226 0.31386861 0.32846715 0.32846715 0.35036496
 0.35036496 0.37226277 0.37226277 0.39416058 0.42335766 0.42335766
 0.43065693 0.43065693 0.44525547 0.44525547 0.45255474 0.45255474
 0.46715328 0.48175182 0.48905109 0.48905109 0.49635036 0.49635036
 0.51094891 0.51094891 0.52554745 0.54014599 0.54014599 0.54744526
 0.54744526 0.5620438  0.57664234 0.58394161 0.58394161 0.59854015
 0.59854015 0.61313869 0.61313869 0.62043796 0.62043796 0.64233577
 0.64233577 0.66423358 0.66423358 0.68613139 0.68613139 0.70072993
 0.70072993 0.70072993 0.70072993 0.7080292  0.7080292  0.71532847
 0.71532847 0.72262774 0.72262774 0.73722628 0.73722628 0.74452555
 0.74452555 0.75182482 0.75182482 0.75912409 0.75912409 0.7810219
 0.7810219  0.78832117 0.78832117 0.79562044 0.79562044 0.80291971
 0.80291971 0.81021898 0.81021898 0.81021898 0.81021898 0.81021898
 0.81021898 0.81751825 0.81751825 0.82481752 0.82481752 0.83211679
 0.83211679 0.84671533 0.84671533 0.8540146  0.8540146  0.86131387
 0.86131387 0.86131387 0.86131387 0.87591241 0.87591241 0.88321168
 0.88321168 0.88321168 0.88321168 0.88321168 0.88321168 0.89051095
 0.89051095 0.89051095 0.89051095 0.89051095 0.89051095 0.89781022
 0.89781022 0.89781022 0.90510949 0.90510949 0.91970803 0.91970803
 0.9270073  0.9270073  0.93430657 0.93430657 0.94160584 0.94160584
 0.94160584 0.94160584 0.94160584 0.94890511 0.94890511 0.95620438
 0.95620438 0.96350365 0.96350365 0.97080292 0.97080292 0.97080292
 0.97080292 0.97080292 0.97080292 0.97080292 0.97080292 0.97810219
 0.97810219 0.98540146 0.98540146 0.98540146 0.98540146 1.
 1.         1.        ]",0.8415268547772089,"[1.99287438 0.99287438 0.98406583 0.96390676 0.96360725 0.94817454
 0.94773346 0.93471318 0.93365395 0.92195654 0.92032421 0.90107507
 0.89736676 0.89178729 0.89132214 0.88942033 0.88887739 0.87679207
 0.87099439 0.86165309 0.8608706  0.8600896  0.85558528 0.85098028
 0.85082906 0.84962708 0.84775186 0.8422308  0.83114743 0.82355261
 0.81490511 0.81201929 0.806624   0.8019976  0.79606164 0.79583329
 0.79448849 0.78614753 0.78511482 0.76736039 0.76598608 0.75253224
 0.74503577 0.73348844 0.73309922 0.72285485 0.70618397 0.69519836
 0.69198841 0.68600941 0.67538232 0.67117327 0.66639185 0.65485996
 0.65251034 0.64382863 0.63918197 0.61988205 0.60421133 0.58769935
 0.58640671 0.58499324 0.56889218 0.56539571 0.52103049 0.51959699
 0.48773971 0.48402151 0.46345794 0.45421866 0.43788168 0.42596415
 0.41704038 0.41442162 0.40862775 0.40781081 0.34778228 0.3368395
 0.33475071 0.33423311 0.32645899 0.31565028 0.31375962 0.31275913
 0.29453388 0.29144791 0.28888357 0.28748128 0.2798349  0.277805
 0.26134816 0.25702539 0.23034139 0.2287001  0.22816633 0.22785303
 0.22169413 0.2188489  0.20847572 0.20569977 0.19372724 0.18727776
 0.18148229 0.17555943 0.17064643 0.16515341 0.16014114 0.15613626
 0.14827894 0.14632361 0.12433726 0.12419987 0.12414171 0.12358955
 0.12323613 0.10505866 0.10062367 0.09971751 0.09888923 0.09817557
 0.09488658 0.09474236 0.09232783 0.09101143 0.0882578  0.08221972
 0.08149436 0.07765023 0.07661892 0.07202727 0.07194039 0.06592279
 0.06561869 0.06556479 0.06537426 0.06454748 0.05658052 0.05556018
 0.04626859 0.04454894 0.04254493 0.04123864 0.03497183 0.03442456
 0.03017647 0.02872904 0.02861431 0.02776661 0.0261637  0.02491832
 0.02281177 0.02271396 0.01607509 0.01573738 0.01315062 0.01069048
 0.00569991 0.00561235]"
"[0.         0.         0.         0.         0.00373134 0.00373134
 0.00373134 0.00373134 0.00373134 0.00373134 0.00373134 0.00373134
 0.00373134 0.00373134 0.00373134 0.00373134 0.00373134 0.00373134
 0.00746269 0.00746269 0.01119403 0.01119403 0.01492537 0.01492537
 0.01492537 0.01492537 0.01865672 0.01865672 0.02238806 0.02238806
 0.0261194  0.0261194  0.03358209 0.03358209 0.03731343 0.03731343
 0.04104478 0.04104478 0.04477612 0.04477612 0.04477612 0.04477612
 0.05970149 0.05970149 0.07089552 0.07089552 0.07462687 0.07462687
 0.08208955 0.09701493 0.09701493 0.1119403  0.1119403  0.11567164
 0.11567164 0.13059701 0.13059701 0.14552239 0.15298507 0.16044776
 0.16044776 0.1641791  0.1641791  0.18283582 0.18283582 0.23880597
 0.23880597 0.24253731 0.24253731 0.24253731 0.24626866 0.24626866
 0.25       0.25       0.25746269 0.29850746 0.29850746 0.32089552
 0.32089552 0.34328358 0.34328358 0.3619403  0.3619403  0.37686567
 0.37686567 0.38059701 0.38059701 0.38432836 0.38432836 0.41044776
 0.41044776 0.4141791  0.4141791  0.41791045 0.41791045 0.44776119
 0.44776119 0.46268657 0.46268657 0.47014925 0.48134328 0.48880597
 0.50746269 0.50746269 0.52238806 0.52238806 0.55223881 0.56716418
 0.56716418 0.60820896 0.61567164 0.66044776 0.66044776 0.67537313
 0.68283582 0.75746269 0.76865672 0.7761194  0.78731343 0.82835821
 0.82835821 0.82835821 0.84328358 0.85820896 0.87686567 0.88432836
 0.89552239 0.90298507 0.90298507 0.94029851 0.94776119 0.97014925
 0.98134328 0.99253731 1.        ]","[0.         0.01459854 0.02919708 0.09489051 0.09489051 0.11678832
 0.15328467 0.16788321 0.18248175 0.21167883 0.24087591 0.26277372
 0.28467153 0.29927007 0.32116788 0.32846715 0.34306569 0.37956204
 0.37956204 0.38686131 0.38686131 0.42335766 0.42335766 0.43065693
 0.44525547 0.45985401 0.45985401 0.49635036 0.49635036 0.51094891
 0.51094891 0.53284672 0.53284672 0.54014599 0.54014599 0.56934307
 0.57664234 0.59854015 0.59854015 0.61313869 0.62773723 0.65693431
 0.65693431 0.66423358 0.66423358 0.70072993 0.70072993 0.7080292
 0.7080292  0.7080292  0.71532847 0.71532847 0.72992701 0.72992701
 0.73722628 0.73722628 0.74452555 0.74452555 0.74452555 0.74452555
 0.75182482 0.75182482 0.75912409 0.75912409 0.76642336 0.76642336
 0.7810219  0.7810219  0.79562044 0.81021898 0.81021898 0.82481752
 0.82481752 0.83211679 0.83211679 0.83211679 0.83941606 0.83941606
 0.8540146  0.8540146  0.86131387 0.86131387 0.87591241 0.87591241
 0.88321168 0.88321168 0.89051095 0.89051095 0.89781022 0.89781022
 0.90510949 0.90510949 0.91240876 0.91240876 0.91970803 0.91970803
 0.9270073  0.9270073  0.93430657 0.93430657 0.93430657 0.93430657
 0.93430657 0.94160584 0.94160584 0.94890511 0.94890511 0.94890511
 0.96350365 0.96350365 0.96350365 0.96350365 0.97080292 0.97080292
 0.97080292 0.97080292 0.97080292 0.97080292 0.97080292 0.97080292
 0.98540146 0.99270073 0.99270073 0.99270073 0.99270073 0.99270073
 0.99270073 0.99270073 1.         1.         1.         1.
 1.         1.         1.        ]",0.8797663144133347,"[1.98589456 0.98589456 0.98315227 0.96300757 0.95976883 0.95744908
 0.9572376  0.95408636 0.9540627  0.9509871  0.94798112 0.94622475
 0.94396871 0.94173533 0.93829554 0.92833072 0.92432338 0.90885311
 0.90607196 0.90594172 0.90133762 0.88690555 0.88305795 0.88073534
 0.85622275 0.84816909 0.83925813 0.81031555 0.80724686 0.79070204
 0.78848946 0.78170913 0.77129161 0.75974321 0.75404912 0.74428016
 0.74407077 0.72610915 0.71247721 0.70303881 0.7022199  0.68729317
 0.6701715  0.6698854  0.66130084 0.63282454 0.61236203 0.61032683
 0.60050631 0.55857176 0.54491693 0.52758276 0.48354214 0.48288763
 0.46330106 0.43967718 0.42405707 0.39640281 0.39626515 0.37941432
 0.37915888 0.37301105 0.36815619 0.35233206 0.34862313 0.29063755
 0.28243312 0.27852783 0.27257869 0.26082811 0.25637007 0.25309953
 0.24714394 0.24297847 0.23902404 0.19236335 0.1874755  0.17314391
 0.16845432 0.15855588 0.15811248 0.15147476 0.14673564 0.13249689
 0.13163289 0.13072942 0.129614   0.12869757 0.12616442 0.10900804
 0.10728421 0.10628846 0.10628591 0.10562494 0.1031646  0.09215187
 0.0912952  0.08500314 0.08418961 0.08261098 0.07898383 0.07873015
 0.07287849 0.07023018 0.06648979 0.06568491 0.06030015 0.05910783
 0.05853583 0.05138123 0.05121766 0.04209239 0.04177633 0.03901723
 0.03850406 0.03045931 0.03037317 0.03025874 0.02965565 0.02468807
 0.02233472 0.02229596 0.02177835 0.02120904 0.01987475 0.01891039
 0.01889802 0.01879782 0.01875225 0.01357025 0.0121202  0.01021626
 0.00866799 0.00728078 0.00553123]"
"[0.         0.         0.00170648 0.00170648 0.00511945 0.00511945
 0.00682594 0.00682594 0.00853242 0.00853242 0.01365188 0.01365188
 0.01535836 0.01535836 0.01706485 0.01706485 0.01877133 0.01877133
 0.02047782 0.02047782 0.0221843  0.0221843  0.02389078 0.02389078
 0.02559727 0.02559727 0.02901024 0.02901024 0.03071672 0.03071672
 0.03412969 0.03412969 0.03754266 0.03754266 0.03924915 0.03924915
 0.04095563 0.04095563 0.04266212 0.04266212 0.0443686  0.0443686
 0.05290102 0.05290102 0.05460751 0.05460751 0.05631399 0.05631399
 0.05802048 0.05802048 0.06143345 0.06143345 0.06825939 0.06825939
 0.06996587 0.06996587 0.07167235 0.07167235 0.07849829 0.07849829
 0.08020478 0.08020478 0.08703072 0.08703072 0.09215017 0.09215017
 0.10068259 0.10068259 0.10409556 0.10409556 0.10580205 0.10580205
 0.11262799 0.11262799 0.11945392 0.11945392 0.12116041 0.12116041
 0.12627986 0.12627986 0.12798635 0.12798635 0.13139932 0.13139932
 0.1331058  0.1331058  0.13651877 0.13651877 0.13822526 0.13822526
 0.14334471 0.14334471 0.14505119 0.15358362 0.1774744  0.1774744
 0.17918089 0.17918089 0.18259386 0.18259386 0.18430034 0.18430034
 0.18771331 0.18771331 0.1894198  0.1894198  0.19624573 0.19624573
 0.19795222 0.19795222 0.20307167 0.20307167 0.20819113 0.20819113
 0.21501706 0.21501706 0.21843003 0.21843003 0.221843   0.221843
 0.22354949 0.22354949 0.23037543 0.23037543 0.26279863 0.26279863
 0.26962457 0.26962457 0.27986348 0.27986348 0.29010239 0.29010239
 0.29180887 0.29180887 0.30375427 0.30375427 0.30546075 0.30546075
 0.30716724 0.30716724 0.30887372 0.30887372 0.3105802  0.3105802
 0.33105802 0.33105802 0.33447099 0.33447099 0.33788396 0.33788396
 0.3447099  0.3447099  0.34641638 0.34641638 0.34982935 0.34982935
 0.35153584 0.35153584 0.36518771 0.36518771 0.3668942  0.3668942
 0.37030717 0.37030717 0.37883959 0.37883959 0.38054608 0.38054608
 0.38225256 0.38225256 0.3890785  0.39249147 0.39761092 0.39761092
 0.40102389 0.42320819 0.42320819 0.42662116 0.42662116 0.44027304
 0.44027304 0.45221843 0.45221843 0.46245734 0.46245734 0.46928328
 0.46928328 0.47610922 0.47610922 0.50511945 0.50511945 0.52901024
 0.52901024 0.53754266 0.53754266 0.54607509 0.54607509 0.5665529
 0.5665529  0.57337884 0.57337884 0.62286689 0.62286689 0.63822526
 0.63822526 0.66211604 0.66211604 0.67064846 0.67064846 0.71501706
 0.71501706 0.71672355 0.71672355 0.71843003 0.71843003 0.72525597
 0.72525597 0.74914676 0.74914676 0.75426621 0.75426621 0.76450512
 0.76450512 0.76791809 0.76791809 0.76962457 0.76962457 0.77986348
 0.77986348 0.78668942 0.78668942 0.79180887 0.79180887 0.79522184
 0.79522184 0.8003413  0.8003413  0.80204778 0.80204778 0.80887372
 0.80887372 0.81399317 0.81399317 0.8225256  0.8225256  0.82423208
 0.82423208 0.82935154 0.82935154 0.85324232 0.85324232 0.85665529
 0.85665529 0.86518771 0.86518771 0.87542662 0.87542662 0.88054608
 0.88054608 0.91638225 0.91638225 0.91808874 0.91808874 0.91979522
 0.91979522 0.94539249 0.94539249 0.97952218 0.97952218 1.        ]","[0.         0.0046729  0.0046729  0.04672897 0.04672897 0.06074766
 0.06074766 0.08411215 0.08411215 0.08878505 0.08878505 0.10280374
 0.10280374 0.11682243 0.11682243 0.12149533 0.12149533 0.13551402
 0.13551402 0.14485981 0.14485981 0.14953271 0.14953271 0.1635514
 0.1635514  0.17757009 0.17757009 0.18224299 0.18224299 0.18691589
 0.18691589 0.20093458 0.20093458 0.21028037 0.21028037 0.21495327
 0.21495327 0.22897196 0.22897196 0.26635514 0.26635514 0.27102804
 0.27102804 0.28037383 0.28037383 0.28971963 0.28971963 0.29439252
 0.29439252 0.29906542 0.29906542 0.31308411 0.31308411 0.31775701
 0.31775701 0.3271028  0.3271028  0.3317757  0.3317757  0.3411215
 0.3411215  0.34579439 0.34579439 0.35046729 0.35046729 0.35981308
 0.35981308 0.36915888 0.36915888 0.37383178 0.37383178 0.37850467
 0.37850467 0.38785047 0.38785047 0.39252336 0.39252336 0.40186916
 0.40186916 0.41121495 0.41121495 0.41588785 0.41588785 0.42056075
 0.42056075 0.42523364 0.42523364 0.44392523 0.44392523 0.45327103
 0.45327103 0.45794393 0.45794393 0.46728972 0.46728972 0.47663551
 0.47663551 0.48598131 0.4953271  0.5        0.5        0.50934579
 0.50934579 0.51401869 0.51401869 0.51869159 0.51869159 0.52336449
 0.52336449 0.54672897 0.54672897 0.55607477 0.55607477 0.56542056
 0.56542056 0.57009346 0.57009346 0.57476636 0.57476636 0.57943925
 0.57943925 0.59345794 0.59345794 0.59813084 0.59813084 0.60747664
 0.60747664 0.61214953 0.61214953 0.62149533 0.62149533 0.62616822
 0.62616822 0.63551402 0.63551402 0.64018692 0.64018692 0.64485981
 0.64485981 0.64953271 0.64953271 0.65420561 0.65420561 0.6588785
 0.6588785  0.6635514  0.6635514  0.6682243  0.6682243  0.67757009
 0.67757009 0.68224299 0.68224299 0.68691589 0.68691589 0.69158879
 0.69158879 0.69626168 0.69626168 0.70093458 0.70093458 0.70560748
 0.70560748 0.71028037 0.71028037 0.71495327 0.71495327 0.71962617
 0.71962617 0.72429907 0.72429907 0.72429907 0.72429907 0.73364486
 0.73364486 0.73364486 0.74299065 0.74299065 0.75700935 0.75700935
 0.76168224 0.76168224 0.76635514 0.76635514 0.77102804 0.77102804
 0.78037383 0.78037383 0.78504673 0.78504673 0.78971963 0.78971963
 0.79439252 0.79439252 0.80841121 0.80841121 0.81775701 0.81775701
 0.82242991 0.82242991 0.8317757  0.8317757  0.8364486  0.8364486
 0.8411215  0.8411215  0.84579439 0.84579439 0.85046729 0.85046729
 0.85514019 0.85514019 0.85981308 0.85981308 0.86448598 0.86448598
 0.86915888 0.86915888 0.87383178 0.87383178 0.87850467 0.87850467
 0.88317757 0.88317757 0.88785047 0.88785047 0.89252336 0.89252336
 0.89719626 0.89719626 0.90186916 0.90186916 0.90654206 0.90654206
 0.91121495 0.91121495 0.91588785 0.91588785 0.92056075 0.92056075
 0.92523364 0.92523364 0.92990654 0.92990654 0.93925234 0.93925234
 0.94392523 0.94392523 0.94859813 0.94859813 0.95327103 0.95327103
 0.95794393 0.95794393 0.96261682 0.96261682 0.97196262 0.97196262
 0.97663551 0.97663551 0.98130841 0.98130841 0.98598131 0.98598131
 0.99065421 0.99065421 0.9953271  0.9953271  1.         1.        ]",0.7208781219099869,"[1.99107844 0.99107844 0.98752427 0.96177596 0.95722347 0.93902248
 0.93592262 0.93147844 0.92972034 0.92765582 0.90882337 0.89911819
 0.8943913  0.89290428 0.89254552 0.88602799 0.88177603 0.88010979
 0.87595576 0.873954   0.87337118 0.86111176 0.85403931 0.84912002
 0.8489604  0.84236681 0.83943826 0.83710825 0.83030051 0.8164205
 0.81188399 0.80583394 0.8015132  0.79582149 0.79213381 0.78699285
 0.7856195  0.76229221 0.76025492 0.73609281 0.73434937 0.7269752
 0.68227679 0.66812444 0.6665405  0.65258467 0.65254372 0.65212607
 0.65207905 0.65167242 0.63977593 0.62905407 0.6167742  0.61147493
 0.61144638 0.61063802 0.60628057 0.60495895 0.58878821 0.58419907
 0.58196944 0.58085263 0.55558074 0.55214381 0.54716188 0.54590905
 0.53580773 0.53075087 0.52502728 0.51939517 0.51532567 0.51522887
 0.50425351 0.49937433 0.48959675 0.48621455 0.48139387 0.4778713
 0.47417161 0.4734261  0.47187984 0.46767548 0.4621844  0.45709383
 0.45418519 0.44594589 0.43940946 0.429602   0.42888674 0.42265406
 0.41273469 0.41022792 0.40870133 0.40633944 0.38824666 0.38394752
 0.38111541 0.37728563 0.37656355 0.37506381 0.37443382 0.37296155
 0.3700915  0.36588207 0.36546269 0.35958201 0.35533097 0.35517073
 0.35320556 0.34300861 0.34040111 0.33251646 0.3265281  0.31769446
 0.31320292 0.30786532 0.30625561 0.30579889 0.29944161 0.29682866
 0.29265332 0.28589937 0.27331272 0.27136385 0.24555694 0.24435407
 0.23720315 0.23576398 0.23100977 0.22979213 0.22061683 0.21909139
 0.21795288 0.21593094 0.20655772 0.20538394 0.20340651 0.20086344
 0.20036379 0.1992013  0.19767402 0.19629118 0.19472635 0.19438681
 0.1849851  0.18497162 0.18341741 0.18107502 0.17820559 0.17726634
 0.16886739 0.16861174 0.16600835 0.16586986 0.16465804 0.1642718
 0.16355826 0.16265827 0.15702066 0.15661249 0.15493049 0.15348184
 0.1520151  0.15190487 0.14892776 0.14852548 0.14776057 0.1459412
 0.14571066 0.14272441 0.14014807 0.1399038  0.13872063 0.13644147
 0.13558257 0.12710448 0.12411838 0.12372683 0.12224645 0.11863118
 0.11822371 0.1130975  0.11256354 0.10912241 0.10888763 0.10786889
 0.10667776 0.10455512 0.10442188 0.09531525 0.09422824 0.08729643
 0.08665146 0.08534598 0.08288645 0.08092181 0.07968862 0.07549014
 0.07535391 0.07272394 0.07187895 0.06117696 0.06105904 0.05981809
 0.05965615 0.05612957 0.05609878 0.05503611 0.05481328 0.04868804
 0.04836731 0.04738008 0.04694096 0.04676576 0.04663568 0.04580576
 0.04525115 0.04102492 0.04052403 0.03929025 0.03927481 0.03646001
 0.03638024 0.03606994 0.03590928 0.03566422 0.03527467 0.03454265
 0.03452606 0.03394514 0.03365175 0.03316969 0.0324582  0.03159727
 0.03152435 0.03059756 0.03014884 0.030009   0.02976238 0.02921955
 0.0287604  0.0279745  0.02790975 0.02699029 0.02685846 0.02684285
 0.02669877 0.02626177 0.02610753 0.02399901 0.02384416 0.02368889
 0.02330431 0.02286782 0.02286091 0.02165166 0.02153828 0.02138243
 0.02126008 0.01755599 0.01749617 0.01748926 0.01742196 0.01733303
 0.01703591 0.01476055 0.01473385 0.01015323 0.01006885 0.00612245]"
"[0.         0.         0.         0.00341297 0.00341297 0.00511945
 0.00511945 0.00682594 0.00682594 0.01023891 0.01023891 0.01194539
 0.01194539 0.01877133 0.01877133 0.02047782 0.02047782 0.0221843
 0.0221843  0.02389078 0.02389078 0.02559727 0.02559727 0.03242321
 0.03242321 0.03412969 0.03412969 0.03583618 0.03583618 0.03754266
 0.03754266 0.03924915 0.03924915 0.04778157 0.04778157 0.04948805
 0.04948805 0.05119454 0.05119454 0.05290102 0.05290102 0.05460751
 0.05460751 0.05802048 0.05802048 0.06484642 0.06484642 0.0665529
 0.0665529  0.06825939 0.06825939 0.07337884 0.07337884 0.07508532
 0.07508532 0.07679181 0.07679181 0.07849829 0.07849829 0.08532423
 0.08532423 0.0887372  0.0887372  0.09215017 0.09215017 0.10750853
 0.10750853 0.12457338 0.12457338 0.12969283 0.12969283 0.14505119
 0.14505119 0.14846416 0.14846416 0.15358362 0.15358362 0.1552901
 0.1552901  0.15699659 0.15699659 0.16723549 0.16723549 0.16894198
 0.16894198 0.17064846 0.17064846 0.17576792 0.17576792 0.1894198
 0.1894198  0.19112628 0.19112628 0.20136519 0.20136519 0.20307167
 0.20307167 0.20477816 0.20477816 0.2116041  0.2116041  0.21501706
 0.21501706 0.21843003 0.21843003 0.22354949 0.22354949 0.23037543
 0.23890785 0.24744027 0.24744027 0.25255973 0.25255973 0.25767918
 0.25767918 0.26279863 0.26279863 0.2662116  0.27133106 0.27133106
 0.28498294 0.28498294 0.28668942 0.28668942 0.29010239 0.29010239
 0.29863481 0.29863481 0.30375427 0.30375427 0.30546075 0.30546075
 0.3105802  0.3105802  0.31399317 0.31399317 0.31911263 0.31911263
 0.32081911 0.32081911 0.32423208 0.32423208 0.32935154 0.32935154
 0.33105802 0.33105802 0.33617747 0.33617747 0.34129693 0.34129693
 0.34300341 0.34300341 0.34812287 0.34812287 0.34982935 0.34982935
 0.35836177 0.35836177 0.36348123 0.36348123 0.3668942  0.3668942
 0.37030717 0.37372014 0.37542662 0.37542662 0.3890785  0.3890785
 0.40955631 0.40955631 0.4112628  0.4112628  0.41467577 0.41467577
 0.42320819 0.42320819 0.4334471  0.4334471  0.43686007 0.43686007
 0.43856655 0.43856655 0.45051195 0.45392491 0.4556314  0.4556314
 0.46245734 0.46245734 0.46416382 0.46416382 0.46757679 0.46757679
 0.47269625 0.47269625 0.47952218 0.47952218 0.49146758 0.49146758
 0.49317406 0.49317406 0.50341297 0.50341297 0.50682594 0.50682594
 0.51023891 0.51023891 0.51535836 0.51535836 0.51877133 0.51877133
 0.53242321 0.53242321 0.54266212 0.54266212 0.58191126 0.58191126
 0.58361775 0.58361775 0.58703072 0.58703072 0.60750853 0.60750853
 0.60921502 0.60921502 0.6109215  0.6109215  0.62116041 0.62116041
 0.62457338 0.62457338 0.63651877 0.63651877 0.65699659 0.65699659
 0.66211604 0.66211604 0.68259386 0.68259386 0.68771331 0.68771331
 0.70307167 0.70307167 0.71672355 0.71672355 0.72696246 0.72696246
 0.72866894 0.72866894 0.74061433 0.74061433 0.7440273  0.7440273
 0.76450512 0.76450512 0.76962457 0.76962457 0.7883959  0.7883959
 0.80204778 0.80204778 0.80375427 0.80375427 0.83105802 0.83105802
 0.83276451 0.83276451 0.83447099 0.83447099 0.83617747 0.83617747
 0.8447099  0.8447099  0.87713311 0.87713311 0.88225256 0.88225256
 0.89419795 0.89419795 0.89590444 0.89590444 0.9778157  0.9778157
 1.        ]","[0.         0.0046729  0.01869159 0.01869159 0.02336449 0.02336449
 0.03271028 0.03271028 0.04672897 0.04672897 0.10747664 0.10747664
 0.12149533 0.12149533 0.12616822 0.12616822 0.13551402 0.13551402
 0.15420561 0.15420561 0.1588785  0.1588785  0.1635514  0.1635514
 0.18224299 0.18224299 0.19158879 0.19158879 0.20093458 0.20093458
 0.21028037 0.21028037 0.21495327 0.21495327 0.21962617 0.21962617
 0.22429907 0.22429907 0.22897196 0.22897196 0.23831776 0.23831776
 0.24766355 0.24766355 0.29906542 0.29906542 0.30373832 0.30373832
 0.30841121 0.30841121 0.31775701 0.31775701 0.3411215  0.3411215
 0.34579439 0.34579439 0.35046729 0.35046729 0.35514019 0.35514019
 0.36448598 0.36448598 0.37383178 0.37383178 0.40654206 0.40654206
 0.41121495 0.41121495 0.41588785 0.41588785 0.42056075 0.42056075
 0.42523364 0.42523364 0.43457944 0.43457944 0.44392523 0.44392523
 0.44859813 0.44859813 0.45327103 0.45327103 0.46261682 0.46261682
 0.46728972 0.46728972 0.47196262 0.47196262 0.47663551 0.47663551
 0.48130841 0.48130841 0.48598131 0.48598131 0.49065421 0.49065421
 0.4953271  0.4953271  0.5        0.5        0.5046729  0.5046729
 0.51401869 0.51401869 0.51869159 0.51869159 0.52336449 0.52336449
 0.53271028 0.53271028 0.53738318 0.53738318 0.54205607 0.54205607
 0.54672897 0.54672897 0.55140187 0.56074766 0.56074766 0.56542056
 0.56542056 0.57009346 0.57009346 0.57476636 0.57476636 0.57943925
 0.57943925 0.58411215 0.58411215 0.58878505 0.58878505 0.60747664
 0.60747664 0.61214953 0.61214953 0.61682243 0.61682243 0.62149533
 0.62149533 0.62616822 0.62616822 0.63551402 0.63551402 0.64485981
 0.64485981 0.64953271 0.64953271 0.65420561 0.65420561 0.6588785
 0.6588785  0.6635514  0.6635514  0.6682243  0.6682243  0.6728972
 0.6728972  0.67757009 0.67757009 0.68224299 0.68224299 0.69626168
 0.69626168 0.69626168 0.69626168 0.70093458 0.70093458 0.70560748
 0.70560748 0.71495327 0.71495327 0.71962617 0.71962617 0.72429907
 0.72429907 0.72897196 0.72897196 0.73364486 0.73364486 0.73831776
 0.73831776 0.74299065 0.74299065 0.74299065 0.74299065 0.74766355
 0.74766355 0.75700935 0.75700935 0.76168224 0.76168224 0.76635514
 0.76635514 0.77102804 0.77102804 0.77570093 0.77570093 0.78037383
 0.78037383 0.78504673 0.78504673 0.78971963 0.78971963 0.79439252
 0.79439252 0.79906542 0.79906542 0.80373832 0.80373832 0.80841121
 0.80841121 0.81308411 0.81308411 0.82242991 0.82242991 0.8271028
 0.8271028  0.8317757  0.8317757  0.8364486  0.8364486  0.8411215
 0.8411215  0.84579439 0.84579439 0.85514019 0.85514019 0.85981308
 0.85981308 0.86448598 0.86448598 0.86915888 0.86915888 0.87383178
 0.87383178 0.87850467 0.87850467 0.88785047 0.88785047 0.89252336
 0.89252336 0.89719626 0.89719626 0.90186916 0.90186916 0.90654206
 0.90654206 0.91121495 0.91121495 0.91588785 0.91588785 0.92056075
 0.92056075 0.92990654 0.92990654 0.93457944 0.93457944 0.93925234
 0.93925234 0.94392523 0.94392523 0.94859813 0.94859813 0.95327103
 0.95327103 0.95794393 0.95794393 0.96261682 0.96261682 0.96728972
 0.96728972 0.97196262 0.97196262 0.97663551 0.97663551 0.98130841
 0.98130841 0.98598131 0.98598131 0.9953271  0.9953271  1.
 1.        ]",0.7192753022232146,"[1.98039287 0.98039287 0.97226197 0.96892494 0.96683538 0.96047014
 0.95670038 0.95609844 0.95567662 0.95410383 0.94707406 0.94599706
 0.93445009 0.92870814 0.92858332 0.92795199 0.92522472 0.92404407
 0.91571695 0.91357535 0.91181099 0.91172504 0.91079998 0.90425384
 0.90283567 0.90217555 0.89825511 0.89808971 0.8919909  0.8910777
 0.88788021 0.87677675 0.87665808 0.86790317 0.86769176 0.86460727
 0.86394    0.86339706 0.85874444 0.85799992 0.85707229 0.85593933
 0.85368133 0.85184962 0.80168837 0.79591674 0.7957629  0.79207408
 0.79000431 0.7895937  0.78861326 0.78479588 0.78191721 0.78026313
 0.77878451 0.7784099  0.77357256 0.77064639 0.76705509 0.74878657
 0.74207532 0.74077219 0.73287594 0.72883755 0.7159906  0.69465983
 0.69384921 0.66929537 0.66905892 0.6545772  0.64722151 0.62321413
 0.62184888 0.62012386 0.60857457 0.59775245 0.59521937 0.59469002
 0.58802068 0.58612412 0.5859465  0.56520498 0.55724758 0.54814821
 0.54791296 0.54624629 0.54330885 0.53092098 0.52538478 0.49967083
 0.49112779 0.49091366 0.49085605 0.47864982 0.47714359 0.47701129
 0.47101465 0.46724898 0.46692431 0.45645466 0.45258799 0.4500781
 0.44851401 0.44449434 0.44254819 0.43251243 0.43056393 0.42171559
 0.42095548 0.41269705 0.41030815 0.40260893 0.40141708 0.3973797
 0.39475828 0.39090693 0.38770267 0.38674942 0.37943363 0.37585387
 0.36512539 0.3640475  0.35784608 0.35578951 0.35188249 0.35185161
 0.34450936 0.34431681 0.34201619 0.34133327 0.34041342 0.33039927
 0.32811469 0.32750317 0.32387856 0.32335296 0.31564373 0.31369573
 0.31293276 0.31117523 0.30879641 0.30550712 0.30334055 0.2999399
 0.29985392 0.29944679 0.29549119 0.29261047 0.28617024 0.28314802
 0.28293484 0.28176713 0.2723439  0.27191129 0.27181053 0.26832432
 0.25198334 0.25122598 0.24977584 0.24861322 0.2471002  0.23440236
 0.23367272 0.23067918 0.22832432 0.22720779 0.20953491 0.20901942
 0.19727388 0.19316943 0.1928374  0.1928196  0.19188066 0.19019972
 0.18713848 0.18706019 0.18195553 0.18119103 0.18004468 0.1780643
 0.17650588 0.1761151  0.17017806 0.16832232 0.16752382 0.16711105
 0.16283764 0.1618495  0.16145098 0.15888965 0.15752435 0.15707599
 0.15403521 0.15402773 0.14973527 0.14955238 0.14343697 0.14305662
 0.14089639 0.13866319 0.13187756 0.13130023 0.13098544 0.13033152
 0.12880807 0.12828055 0.1263724  0.12618281 0.12540543 0.12529799
 0.11648095 0.11620854 0.10994849 0.10922799 0.08772108 0.08671071
 0.08636828 0.08634202 0.085177   0.08483205 0.07653609 0.07539006
 0.07494275 0.07457723 0.07399164 0.07379437 0.07141129 0.07041121
 0.06969155 0.06804072 0.06301519 0.06141483 0.05755274 0.05752506
 0.05669558 0.05640111 0.05004649 0.04924316 0.04799941 0.04790604
 0.04558405 0.04549909 0.04278553 0.04255035 0.0407978  0.0404424
 0.03961917 0.0395708  0.03839637 0.03701526 0.03549731 0.03537428
 0.03307699 0.03208694 0.03116935 0.03115067 0.02903496 0.02895369
 0.0272429  0.02709055 0.02696521 0.02667894 0.02372257 0.02369889
 0.02336382 0.02336229 0.02318432 0.02314668 0.0230171  0.02294532
 0.02168321 0.02164634 0.01726107 0.01713161 0.016777   0.01671231
 0.01542536 0.01526224 0.01517579 0.01492907 0.00752664 0.00734819
 0.00343724]"
"[0.         0.         0.         0.00170648 0.00170648 0.00511945
 0.00511945 0.00682594 0.00682594 0.01194539 0.01194539 0.01365188
 0.01365188 0.01535836 0.01535836 0.01877133 0.01877133 0.02047782
 0.02047782 0.02389078 0.02389078 0.02559727 0.02559727 0.02730375
 0.02730375 0.02901024 0.02901024 0.03071672 0.03071672 0.03242321
 0.03242321 0.03412969 0.03412969 0.03583618 0.03583618 0.04095563
 0.04095563 0.04266212 0.04266212 0.0443686  0.0443686  0.04607509
 0.04607509 0.04948805 0.04948805 0.05631399 0.05631399 0.05972696
 0.05972696 0.06484642 0.06484642 0.07337884 0.07337884 0.07849829
 0.07849829 0.08020478 0.08020478 0.08191126 0.08191126 0.08361775
 0.08361775 0.0887372  0.0887372  0.09385666 0.09385666 0.10068259
 0.10068259 0.10580205 0.10580205 0.10921502 0.10921502 0.11945392
 0.11945392 0.12286689 0.13139932 0.13481229 0.13481229 0.13651877
 0.13651877 0.13822526 0.13822526 0.14163823 0.14163823 0.15358362
 0.15358362 0.15699659 0.16040956 0.16040956 0.16552901 0.16552901
 0.17064846 0.17064846 0.1774744  0.1774744  0.18259386 0.18259386
 0.19453925 0.19453925 0.20136519 0.20136519 0.20989761 0.20989761
 0.2116041  0.2116041  0.22525597 0.22525597 0.23720137 0.23720137
 0.24232082 0.24232082 0.24744027 0.24744027 0.25426621 0.25426621
 0.26109215 0.26109215 0.27133106 0.27133106 0.28156997 0.28156997
 0.29522184 0.29522184 0.29863481 0.29863481 0.30546075 0.30546075
 0.30716724 0.30716724 0.3105802  0.3105802  0.31228669 0.31228669
 0.32081911 0.32423208 0.32593857 0.32593857 0.32764505 0.32764505
 0.32935154 0.32935154 0.33105802 0.33105802 0.33276451 0.33276451
 0.33959044 0.33959044 0.3447099  0.3447099  0.35324232 0.35324232
 0.36348123 0.36348123 0.36860068 0.36860068 0.37372014 0.37372014
 0.40273038 0.40273038 0.40955631 0.40955631 0.41638225 0.41638225
 0.41979522 0.41979522 0.4334471  0.4334471  0.43856655 0.43856655
 0.44027304 0.44027304 0.44368601 0.44368601 0.44709898 0.44709898
 0.45051195 0.45051195 0.46075085 0.46416382 0.47440273 0.47440273
 0.49658703 0.49658703 0.49829352 0.49829352 0.50682594 0.50682594
 0.51877133 0.51877133 0.53754266 0.53754266 0.57167235 0.57167235
 0.57679181 0.57679181 0.59897611 0.59897611 0.60750853 0.60750853
 0.61262799 0.61262799 0.62457338 0.62457338 0.64505119 0.64505119
 0.65187713 0.65187713 0.66211604 0.66211604 0.66382253 0.66382253
 0.66723549 0.66723549 0.66894198 0.66894198 0.6774744  0.6774744
 0.70307167 0.70307167 0.71331058 0.71331058 0.71672355 0.71672355
 0.72013652 0.72013652 0.72354949 0.72354949 0.72696246 0.72696246
 0.73037543 0.73037543 0.7440273  0.7440273  0.75255973 0.75255973
 0.76109215 0.76109215 0.8105802  0.8105802  0.81740614 0.81740614
 0.83276451 0.83276451 0.84641638 0.84641638 0.86006826 0.86006826
 0.86860068 0.86860068 0.87201365 0.87201365 0.87542662 0.87542662
 0.90273038 0.90273038 0.92662116 0.92662116 0.94027304 0.94027304
 0.94368601 0.94368601 0.95051195 0.95051195 1.        ]","[0.         0.0046729  0.03271028 0.03271028 0.04205607 0.04205607
 0.05140187 0.05140187 0.05607477 0.05607477 0.08878505 0.08878505
 0.09813084 0.09813084 0.12616822 0.12616822 0.13084112 0.13084112
 0.14018692 0.14018692 0.14953271 0.14953271 0.15420561 0.15420561
 0.1682243  0.1682243  0.1728972  0.1728972  0.18224299 0.18224299
 0.18691589 0.18691589 0.19626168 0.19626168 0.20093458 0.20093458
 0.20560748 0.20560748 0.21495327 0.21495327 0.23364486 0.23364486
 0.23831776 0.23831776 0.25700935 0.25700935 0.26168224 0.26168224
 0.27102804 0.27102804 0.27570093 0.27570093 0.28504673 0.28504673
 0.28971963 0.28971963 0.31775701 0.31775701 0.3271028  0.3271028
 0.3317757  0.3317757  0.3411215  0.3411215  0.35514019 0.35514019
 0.36448598 0.36448598 0.36915888 0.36915888 0.37383178 0.37383178
 0.37850467 0.37850467 0.38785047 0.38785047 0.39252336 0.39252336
 0.39719626 0.39719626 0.40186916 0.40186916 0.41121495 0.41121495
 0.41588785 0.41588785 0.42523364 0.43925234 0.43925234 0.44392523
 0.44392523 0.45794393 0.45794393 0.46261682 0.46261682 0.46728972
 0.46728972 0.47196262 0.47196262 0.47663551 0.47663551 0.48130841
 0.48130841 0.4953271  0.4953271  0.5        0.5        0.5046729
 0.5046729  0.50934579 0.50934579 0.51869159 0.51869159 0.52336449
 0.52336449 0.53271028 0.53271028 0.54205607 0.54205607 0.54672897
 0.54672897 0.55140187 0.55140187 0.56542056 0.56542056 0.57009346
 0.57009346 0.60280374 0.60280374 0.60747664 0.60747664 0.62616822
 0.62616822 0.62616822 0.62616822 0.63551402 0.63551402 0.64018692
 0.64018692 0.64485981 0.64485981 0.6588785  0.6588785  0.6682243
 0.6682243  0.6728972  0.6728972  0.68224299 0.68224299 0.68691589
 0.68691589 0.69158879 0.69158879 0.70093458 0.70093458 0.70560748
 0.70560748 0.71028037 0.71028037 0.71495327 0.71495327 0.72429907
 0.72429907 0.72897196 0.72897196 0.73364486 0.73364486 0.73831776
 0.73831776 0.74299065 0.74299065 0.74766355 0.74766355 0.75233645
 0.75233645 0.75700935 0.75700935 0.75700935 0.75700935 0.76168224
 0.76168224 0.76635514 0.76635514 0.78037383 0.78037383 0.78504673
 0.78504673 0.78971963 0.78971963 0.79906542 0.79906542 0.80373832
 0.80373832 0.80841121 0.80841121 0.81308411 0.81308411 0.82242991
 0.82242991 0.8317757  0.8317757  0.8364486  0.8364486  0.84579439
 0.84579439 0.85046729 0.85046729 0.85514019 0.85514019 0.86448598
 0.86448598 0.86915888 0.86915888 0.87383178 0.87383178 0.88317757
 0.88317757 0.89252336 0.89252336 0.89719626 0.89719626 0.90186916
 0.90186916 0.90654206 0.90654206 0.91121495 0.91121495 0.91588785
 0.91588785 0.92056075 0.92056075 0.92523364 0.92523364 0.92990654
 0.92990654 0.93457944 0.93457944 0.93925234 0.93925234 0.94392523
 0.94392523 0.94859813 0.94859813 0.95327103 0.95327103 0.95794393
 0.95794393 0.96261682 0.96261682 0.96728972 0.96728972 0.97196262
 0.97196262 0.97663551 0.97663551 0.98598131 0.98598131 0.99065421
 0.99065421 0.9953271  0.9953271  1.         1.        ]",0.7079439252336449,"[1.98458397 0.98458397 0.93555874 0.92836803 0.91861606 0.90787029
 0.89385831 0.88222575 0.87079638 0.86736065 0.84134191 0.83035767
 0.82797819 0.82271177 0.79477602 0.78855789 0.7875312  0.77625501
 0.77235645 0.75919771 0.75242788 0.7510711  0.7488414  0.74803162
 0.72811836 0.72532332 0.72027427 0.71216089 0.69423538 0.68282628
 0.68052107 0.67743802 0.6706847  0.66647458 0.66265184 0.65474331
 0.65336174 0.65331918 0.64131618 0.64082009 0.62758029 0.62634706
 0.62324828 0.61519021 0.60525656 0.59151727 0.59048915 0.58765352
 0.58210945 0.5747776  0.55975252 0.53840673 0.52717078 0.52574396
 0.52148801 0.51494777 0.50188005 0.49661425 0.4893766  0.48868892
 0.48509467 0.47601479 0.47460032 0.45914197 0.45255703 0.44839779
 0.44444135 0.4408195  0.43973434 0.42795482 0.42754894 0.41564199
 0.41551715 0.41077396 0.40775341 0.40684497 0.39863774 0.39717197
 0.39713049 0.39608458 0.39436924 0.39072785 0.38878626 0.37581095
 0.3746793  0.37357944 0.3715938  0.36335787 0.35855585 0.35799
 0.35529637 0.34973302 0.34657401 0.34544671 0.34187084 0.34139928
 0.33196533 0.33087641 0.32366484 0.31988612 0.31476906 0.31469959
 0.31341225 0.30588225 0.30064377 0.29895565 0.29472545 0.2936627
 0.28254279 0.2791616  0.27859867 0.27636558 0.26871523 0.26734963
 0.26232111 0.26086131 0.25299954 0.2498609  0.24762289 0.24621178
 0.24079859 0.24077503 0.23911022 0.23542418 0.23206465 0.23177791
 0.23072383 0.21969222 0.21746776 0.21740052 0.21566355 0.21185841
 0.20808168 0.20765868 0.20714489 0.20473391 0.20443946 0.20419154
 0.20224199 0.20133434 0.20107172 0.19943641 0.19592163 0.19386823
 0.18756132 0.18644671 0.18305029 0.18175988 0.17959309 0.17953977
 0.17521279 0.17407693 0.17096613 0.17019659 0.16655563 0.1663914
 0.1567491  0.15595795 0.15472856 0.15418918 0.15159564 0.14872326
 0.1484977  0.14845848 0.14517365 0.14407261 0.14318371 0.14306219
 0.1421628  0.13982256 0.13827763 0.13735014 0.13584124 0.13428643
 0.13269226 0.13244425 0.12959886 0.12941766 0.12755962 0.1267938
 0.11512106 0.11421906 0.11327448 0.11115544 0.10723539 0.10697681
 0.10312103 0.10298885 0.09770106 0.09690509 0.08721096 0.08679716
 0.08487446 0.08483638 0.07812747 0.07802325 0.07702161 0.07543424
 0.07462101 0.07447737 0.0714136  0.07134337 0.06700794 0.06629369
 0.06551579 0.06524093 0.06339613 0.0629897  0.06275803 0.06136877
 0.0600052  0.05990352 0.05968362 0.05867402 0.0564882  0.05492235
 0.05087252 0.05072872 0.04800094 0.04779961 0.0475396  0.04742123
 0.0465249  0.04597192 0.04533617 0.04517617 0.04401794 0.04377522
 0.04274517 0.04260666 0.04067795 0.04054435 0.03756131 0.03752569
 0.03634059 0.0363387  0.02860416 0.02817548 0.02722361 0.02710597
 0.0258569  0.02544687 0.02203732 0.02198225 0.02022891 0.0201896
 0.01964943 0.0191638  0.01906729 0.01855084 0.01807304 0.01798587
 0.01531471 0.01506445 0.01236033 0.01217574 0.00999294 0.00995476
 0.00988762 0.00977334 0.00918334 0.00885535 0.00222142]"
"[0.         0.         0.         0.00170648 0.00170648 0.00511945
 0.00511945 0.00853242 0.00853242 0.01194539 0.01194539 0.01365188
 0.01365188 0.01535836 0.01535836 0.01706485 0.01706485 0.02047782
 0.02047782 0.0221843  0.0221843  0.02389078 0.02389078 0.02559727
 0.02559727 0.02901024 0.02901024 0.03071672 0.03071672 0.03242321
 0.03242321 0.03412969 0.03412969 0.03583618 0.03583618 0.03754266
 0.03754266 0.03924915 0.03924915 0.04778157 0.04778157 0.05119454
 0.05119454 0.05460751 0.05460751 0.05631399 0.05631399 0.05802048
 0.05802048 0.0665529  0.0665529  0.07679181 0.07679181 0.07849829
 0.07849829 0.08020478 0.08020478 0.08191126 0.08191126 0.08703072
 0.08703072 0.0887372  0.0887372  0.09897611 0.09897611 0.10068259
 0.10068259 0.10409556 0.10409556 0.11433447 0.11433447 0.11604096
 0.11604096 0.12286689 0.12286689 0.12457338 0.12457338 0.12627986
 0.12627986 0.12969283 0.12969283 0.13822526 0.13822526 0.14846416
 0.14846416 0.15017065 0.15017065 0.15187713 0.15187713 0.15358362
 0.15358362 0.16211604 0.16211604 0.16552901 0.16552901 0.16894198
 0.16894198 0.17406143 0.17406143 0.18088737 0.18088737 0.18259386
 0.18259386 0.18430034 0.18430034 0.18600683 0.18600683 0.18771331
 0.18771331 0.1894198  0.1894198  0.19112628 0.19112628 0.19795222
 0.19795222 0.20136519 0.20136519 0.20989761 0.20989761 0.2116041
 0.22013652 0.22354949 0.22354949 0.2337884  0.2337884  0.24573379
 0.24573379 0.24914676 0.25767918 0.25767918 0.26279863 0.26279863
 0.27133106 0.27133106 0.27645051 0.27645051 0.28668942 0.28668942
 0.29351536 0.29351536 0.29692833 0.29692833 0.3003413  0.3003413
 0.30204778 0.30204778 0.30887372 0.30887372 0.3105802  0.3105802
 0.32081911 0.32081911 0.32423208 0.32423208 0.33105802 0.33105802
 0.33447099 0.33447099 0.33617747 0.33617747 0.34129693 0.34129693
 0.34812287 0.34812287 0.35324232 0.35324232 0.35665529 0.35665529
 0.35836177 0.35836177 0.37201365 0.37201365 0.37883959 0.37883959
 0.39590444 0.39590444 0.40614334 0.40614334 0.40784983 0.40784983
 0.42320819 0.42320819 0.42491468 0.42491468 0.43174061 0.43174061
 0.4334471  0.4334471  0.44880546 0.44880546 0.45051195 0.45051195
 0.45221843 0.45221843 0.46075085 0.46075085 0.46416382 0.46416382
 0.46757679 0.47952218 0.47952218 0.48293515 0.48293515 0.48634812
 0.48634812 0.49488055 0.49488055 0.50170648 0.50170648 0.50341297
 0.50341297 0.50853242 0.51194539 0.51535836 0.51535836 0.51877133
 0.51877133 0.5221843  0.5221843  0.5665529  0.5665529  0.56996587
 0.56996587 0.57337884 0.57337884 0.58703072 0.58703072 0.59897611
 0.59897611 0.60238908 0.60238908 0.60580205 0.60580205 0.60750853
 0.60750853 0.61945392 0.61945392 0.62627986 0.62627986 0.6331058
 0.6331058  0.64505119 0.64505119 0.67406143 0.67406143 0.67576792
 0.67576792 0.6774744  0.6774744  0.6894198  0.6894198  0.70136519
 0.70136519 0.70307167 0.70307167 0.7116041  0.7116041  0.74232082
 0.74232082 0.74914676 0.74914676 0.75767918 0.75767918 0.76962457
 0.76962457 0.77133106 0.77133106 0.80204778 0.80204778 0.82593857
 0.82593857 0.83617747 0.83617747 0.84300341 0.84300341 0.85494881
 0.85494881 0.90443686 0.90443686 0.91638225 0.91638225 0.92491468
 0.92491468 0.93856655 0.93856655 0.94709898 0.94709898 0.96245734
 0.96245734 1.        ]","[0.         0.0046729  0.02336449 0.02336449 0.02803738 0.02803738
 0.04672897 0.04672897 0.06074766 0.06074766 0.06542056 0.06542056
 0.07943925 0.07943925 0.08411215 0.08411215 0.08878505 0.08878505
 0.12149533 0.12149533 0.13084112 0.13084112 0.14018692 0.14018692
 0.14485981 0.14485981 0.14953271 0.14953271 0.1635514  0.1635514
 0.1728972  0.1728972  0.17757009 0.17757009 0.18224299 0.18224299
 0.18691589 0.18691589 0.19158879 0.19158879 0.20560748 0.20560748
 0.21028037 0.21028037 0.21962617 0.21962617 0.22897196 0.22897196
 0.23831776 0.23831776 0.24299065 0.24299065 0.25700935 0.25700935
 0.26635514 0.26635514 0.27102804 0.27102804 0.27570093 0.27570093
 0.28037383 0.28037383 0.29906542 0.29906542 0.31308411 0.31308411
 0.31775701 0.31775701 0.32242991 0.32242991 0.3271028  0.3271028
 0.3317757  0.3317757  0.3411215  0.3411215  0.35514019 0.35514019
 0.36915888 0.36915888 0.37850467 0.37850467 0.38317757 0.38317757
 0.38785047 0.38785047 0.39252336 0.39252336 0.39719626 0.39719626
 0.40186916 0.40186916 0.40654206 0.40654206 0.41121495 0.41121495
 0.41588785 0.41588785 0.42056075 0.42056075 0.43457944 0.43457944
 0.43925234 0.43925234 0.44859813 0.44859813 0.45327103 0.45327103
 0.45794393 0.45794393 0.47196262 0.47196262 0.48130841 0.48130841
 0.48598131 0.48598131 0.49065421 0.49065421 0.4953271  0.4953271
 0.5046729  0.5046729  0.51401869 0.51401869 0.51869159 0.51869159
 0.52336449 0.53271028 0.53271028 0.53738318 0.53738318 0.54205607
 0.54205607 0.54672897 0.54672897 0.55140187 0.55140187 0.55607477
 0.55607477 0.56074766 0.56074766 0.56542056 0.56542056 0.57009346
 0.57009346 0.57943925 0.57943925 0.58411215 0.58411215 0.58878505
 0.58878505 0.60280374 0.60280374 0.60747664 0.60747664 0.61214953
 0.61214953 0.62616822 0.62616822 0.63084112 0.63084112 0.63551402
 0.63551402 0.64953271 0.64953271 0.6588785  0.6588785  0.6635514
 0.6635514  0.6728972  0.6728972  0.67757009 0.67757009 0.69158879
 0.69158879 0.69626168 0.69626168 0.71028037 0.71028037 0.71495327
 0.71495327 0.72429907 0.72429907 0.72897196 0.72897196 0.73364486
 0.73364486 0.73831776 0.73831776 0.74299065 0.74299065 0.74766355
 0.74766355 0.75233645 0.75233645 0.75700935 0.75700935 0.76168224
 0.76168224 0.76168224 0.76635514 0.76635514 0.77102804 0.77102804
 0.77570093 0.77570093 0.78504673 0.78504673 0.78971963 0.78971963
 0.79439252 0.79439252 0.79439252 0.79439252 0.79906542 0.79906542
 0.80373832 0.80373832 0.80841121 0.80841121 0.81308411 0.81308411
 0.81775701 0.81775701 0.82242991 0.82242991 0.8317757  0.8317757
 0.8364486  0.8364486  0.84579439 0.84579439 0.85046729 0.85046729
 0.85514019 0.85514019 0.85981308 0.85981308 0.86448598 0.86448598
 0.86915888 0.86915888 0.87383178 0.87383178 0.87850467 0.87850467
 0.88317757 0.88317757 0.89252336 0.89252336 0.89719626 0.89719626
 0.90186916 0.90186916 0.90654206 0.90654206 0.91121495 0.91121495
 0.91588785 0.91588785 0.92056075 0.92056075 0.92523364 0.92523364
 0.92990654 0.92990654 0.93457944 0.93457944 0.93925234 0.93925234
 0.94859813 0.94859813 0.95327103 0.95327103 0.96261682 0.96261682
 0.96728972 0.96728972 0.97196262 0.97196262 0.97663551 0.97663551
 0.98598131 0.98598131 0.99065421 0.99065421 0.9953271  0.9953271
 1.         1.        ]",0.7046186724506396,"[1.98778546 0.98778546 0.97005141 0.96602374 0.96260369 0.95851368
 0.95119339 0.94927412 0.9371534  0.93521947 0.93497837 0.93186659
 0.92731065 0.9225077  0.92180538 0.92117667 0.90399647 0.89873832
 0.87776834 0.87665898 0.87389272 0.86944157 0.86034536 0.8587687
 0.85847044 0.85134482 0.85083824 0.84807473 0.83554137 0.83204132
 0.83089763 0.83059949 0.82894093 0.82811469 0.82698071 0.824494
 0.82430577 0.82092142 0.82006156 0.81073421 0.80608356 0.79585552
 0.790995   0.78853714 0.78678036 0.78240508 0.77851254 0.77309901
 0.76828468 0.74594212 0.74397582 0.71928763 0.71415067 0.7123782
 0.70632148 0.70273972 0.69798565 0.69515395 0.69462359 0.68580472
 0.68570489 0.67838264 0.6713587  0.64624441 0.6418364  0.63867986
 0.62952501 0.62565887 0.62438613 0.6046778  0.60388744 0.60174829
 0.60151696 0.58758229 0.58604509 0.58589435 0.58252448 0.57904798
 0.57661283 0.57041234 0.56539327 0.5459972  0.54501635 0.53155398
 0.53146654 0.52665091 0.52041978 0.51668841 0.51054943 0.50900781
 0.49857226 0.48498741 0.48405376 0.48361912 0.48341629 0.47351435
 0.47346485 0.46599153 0.4658584  0.46044248 0.45170149 0.4503597
 0.44920155 0.44695547 0.44135991 0.43871191 0.43868384 0.43633533
 0.43568113 0.43435591 0.42651489 0.42613089 0.42555377 0.41679832
 0.41620889 0.41001377 0.40891594 0.39531544 0.39483923 0.39454994
 0.39214051 0.38987568 0.38892028 0.37061    0.36791489 0.34248352
 0.33479118 0.33227611 0.32908225 0.32606789 0.32208693 0.3206012
 0.30939391 0.30901775 0.30652535 0.30557367 0.29687318 0.29660162
 0.28815532 0.28655306 0.28459489 0.28308374 0.27841094 0.27793106
 0.27652615 0.27030849 0.26473629 0.26262212 0.25990281 0.25979725
 0.25385982 0.24980822 0.24890281 0.24870108 0.24521869 0.24379742
 0.24301215 0.23967399 0.23346056 0.23308736 0.23121873 0.23071939
 0.22423212 0.22362556 0.2193391  0.21627998 0.21458709 0.21294522
 0.21193573 0.20998411 0.2018013  0.20173763 0.19666167 0.19326182
 0.18181077 0.18018048 0.17129461 0.16989674 0.16943601 0.16894038
 0.16540594 0.16497485 0.16184442 0.15888645 0.15219831 0.15217717
 0.15152596 0.14718199 0.14061025 0.14059125 0.14037779 0.13802223
 0.13769814 0.13681614 0.13330883 0.13315228 0.1317452  0.13069518
 0.13067706 0.12365828 0.12312331 0.12266283 0.12180555 0.11993924
 0.11990412 0.11595301 0.11512955 0.11036162 0.10866862 0.10813244
 0.1080551  0.10777133 0.10776323 0.10664506 0.10474392 0.10305917
 0.10254608 0.10215222 0.10071363 0.08977907 0.08909525 0.08849579
 0.08771185 0.0863543  0.08594655 0.08170506 0.07997524 0.07704565
 0.07664827 0.07642917 0.07560771 0.07507762 0.07505243 0.07492922
 0.07468057 0.07034026 0.07009523 0.06801903 0.06751857 0.0653896
 0.06513339 0.06311076 0.06259061 0.05789775 0.05768621 0.05640795
 0.05632962 0.05580046 0.05476457 0.0538496  0.05379634 0.05141851
 0.05120537 0.05079373 0.05067408 0.04987647 0.04979635 0.04324037
 0.04313753 0.04204725 0.04191707 0.04093648 0.03999434 0.03788015
 0.03771087 0.03758889 0.03657752 0.03287789 0.0326216  0.02928946
 0.02874533 0.02779413 0.02778144 0.02643907 0.02611264 0.02420115
 0.02415123 0.01845865 0.01831413 0.01708322 0.01706238 0.01653363
 0.01634787 0.01476956 0.01466496 0.01412617 0.01353997 0.01112202
 0.01111129 0.00659402]"
"[0.         0.         0.         0.         0.0017331  0.0017331
 0.0034662  0.0034662  0.00519931 0.00519931 0.00866551 0.00866551
 0.01039861 0.01039861 0.01213172 0.01213172 0.01386482 0.01386482
 0.01733102 0.01733102 0.01733102 0.01733102 0.01733102 0.01906412
 0.01906412 0.02253033 0.02599653 0.02599653 0.02772964 0.02772964
 0.03119584 0.03292894 0.03466205 0.03466205 0.03466205 0.03639515
 0.03639515 0.03812825 0.03812825 0.04159445 0.04159445 0.04506066
 0.04506066 0.04679376 0.04679376 0.04852686 0.05199307 0.05372617
 0.05372617 0.05719237 0.05719237 0.06065858 0.06065858 0.06239168
 0.06239168 0.06412478 0.06412478 0.06585789 0.06585789 0.07105719
 0.07105719 0.07279029 0.07279029 0.0745234  0.0745234  0.0762565
 0.0762565  0.0779896  0.0779896  0.0779896  0.0797227  0.0797227
 0.08145581 0.08145581 0.08318891 0.08318891 0.08665511 0.08665511
 0.09012132 0.09012132 0.09185442 0.09185442 0.09358752 0.09358752
 0.09878683 0.09878683 0.10051993 0.10051993 0.10745234 0.10745234
 0.11091854 0.11091854 0.11785095 0.11785095 0.12131716 0.12131716
 0.12305026 0.12305026 0.12651646 0.12651646 0.12998267 0.12998267
 0.13171577 0.13171577 0.13518198 0.13518198 0.14038128 0.14038128
 0.14211438 0.14211438 0.14384749 0.14384749 0.14558059 0.14904679
 0.1542461  0.1542461  0.17677643 0.17677643 0.18890815 0.18890815
 0.19410745 0.19410745 0.20797227 0.20797227 0.21490468 0.21490468
 0.21837088 0.21837088 0.2270364  0.2270364  0.2287695  0.2287695
 0.23570191 0.23570191 0.23743501 0.24090121 0.24436742 0.24436742
 0.24610052 0.24610052 0.25129983 0.26169844 0.26169844 0.27556326
 0.27556326 0.28596187 0.28596187 0.28942808 0.28942808 0.29982669
 0.29982669 0.31542461 0.31542461 0.32235702 0.32235702 0.32409012
 0.32409012 0.32582322 0.32582322 0.32928943 0.32928943 0.33102253
 0.33102253 0.33448873 0.33795494 0.34142114 0.34142114 0.35355286
 0.35355286 0.36048527 0.36048527 0.36395147 0.37088388 0.37088388
 0.37608319 0.37608319 0.3864818  0.3864818  0.39168111 0.39168111
 0.39861352 0.39861352 0.39861352 0.40207972 0.40207972 0.42114385
 0.42114385 0.43847487 0.43847487 0.44194107 0.44194107 0.44540728
 0.44540728 0.44714038 0.44714038 0.45407279 0.45407279 0.45753899
 0.4627383  0.4644714  0.4644714  0.46793761 0.46793761 0.46967071
 0.46967071 0.48353553 0.48353553 0.48700173 0.48700173 0.48873484
 0.48873484 0.49393414 0.49393414 0.50086655 0.50086655 0.51126516
 0.51473137 0.51473137 0.51993068 0.51993068 0.52166378 0.52512998
 0.52859619 0.52859619 0.5407279  0.5407279  0.54766031 0.54766031
 0.55632582 0.55632582 0.55805893 0.55805893 0.57019064 0.57019064
 0.58232236 0.58232236 0.58578856 0.58578856 0.59792028 0.59792028
 0.59965338 0.59965338 0.60311958 0.60311958 0.60658579 0.60658579
 0.61005199 0.61005199 0.6135182  0.6135182  0.62738302 0.62738302
 0.63084922 0.63084922 0.63604853 0.63604853 0.63951473 0.63951473
 0.64298094 0.64298094 0.64818024 0.65337955 0.65857886 0.65857886
 0.67417678 0.67417678 0.70883882 0.71230503 0.74870017 0.74870017
 0.75043328 0.75389948 0.79722704 0.79896014 0.80242634 0.80589255
 0.81109185 0.81109185 0.81455806 0.81455806 0.81629116 0.81629116
 0.82149047 0.82149047 0.82842288 0.83015598 0.84055459 0.84055459
 0.8440208  0.8440208  0.87001733 0.87348354 0.88388215 0.88734835
 0.88908146 0.89428076 0.90121317 0.90121317 0.90467938 0.9254766
 0.93240901 0.96533795 0.96533795 0.97400347 0.97920277 0.98093588
 0.98440208 0.9982669  0.9982669  1.        ]","[0.         0.01298701 0.02164502 0.03463203 0.03463203 0.04761905
 0.04761905 0.05194805 0.05194805 0.05627706 0.05627706 0.06060606
 0.06060606 0.07359307 0.07359307 0.0952381  0.0952381  0.10822511
 0.10822511 0.12121212 0.12987013 0.13852814 0.15151515 0.15151515
 0.16017316 0.16017316 0.16017316 0.18614719 0.18614719 0.19480519
 0.19480519 0.1991342  0.1991342  0.21212121 0.22077922 0.22077922
 0.23376623 0.23376623 0.23809524 0.23809524 0.24242424 0.24242424
 0.25541126 0.25541126 0.26406926 0.26406926 0.26406926 0.26406926
 0.26839827 0.26839827 0.27705628 0.27705628 0.29437229 0.29437229
 0.2987013  0.2987013  0.3030303  0.3030303  0.31601732 0.31601732
 0.32900433 0.32900433 0.34199134 0.34199134 0.35497835 0.35497835
 0.35930736 0.35930736 0.36796537 0.37229437 0.37229437 0.37662338
 0.37662338 0.38095238 0.38095238 0.38528139 0.38528139 0.39393939
 0.39393939 0.3982684  0.3982684  0.4025974  0.4025974  0.40692641
 0.40692641 0.41558442 0.41558442 0.41991342 0.41991342 0.43290043
 0.43290043 0.44155844 0.44155844 0.44588745 0.44588745 0.45021645
 0.45021645 0.45887446 0.45887446 0.47186147 0.47186147 0.47619048
 0.47619048 0.48484848 0.48484848 0.48917749 0.48917749 0.49350649
 0.49350649 0.50649351 0.50649351 0.51082251 0.51082251 0.51082251
 0.51082251 0.51515152 0.51515152 0.51948052 0.51948052 0.53246753
 0.53246753 0.54112554 0.54112554 0.54545455 0.54545455 0.55411255
 0.55411255 0.55844156 0.55844156 0.57142857 0.57142857 0.58441558
 0.58441558 0.58874459 0.58874459 0.58874459 0.58874459 0.6017316
 0.6017316  0.60606061 0.61471861 0.61471861 0.61904762 0.61904762
 0.62770563 0.62770563 0.63636364 0.63636364 0.64069264 0.64069264
 0.64935065 0.64935065 0.65367965 0.65367965 0.65800866 0.65800866
 0.66233766 0.66233766 0.66666667 0.66666667 0.67099567 0.67099567
 0.67532468 0.67532468 0.67532468 0.67532468 0.67965368 0.67965368
 0.68398268 0.68398268 0.69264069 0.69264069 0.69264069 0.6969697
 0.6969697  0.7012987  0.7012987  0.70562771 0.70562771 0.71428571
 0.71428571 0.72294372 0.73160173 0.73160173 0.73593074 0.73593074
 0.74025974 0.74025974 0.74891775 0.74891775 0.75324675 0.75324675
 0.75757576 0.75757576 0.76190476 0.76190476 0.76623377 0.76623377
 0.76623377 0.76623377 0.77056277 0.77056277 0.77489177 0.77489177
 0.78354978 0.78354978 0.79220779 0.79220779 0.7965368  0.7965368
 0.8008658  0.8008658  0.80519481 0.80519481 0.81385281 0.81385281
 0.81385281 0.82251082 0.82251082 0.82683983 0.82683983 0.82683983
 0.82683983 0.83549784 0.83549784 0.83982684 0.83982684 0.84848485
 0.84848485 0.85281385 0.85281385 0.85714286 0.85714286 0.86147186
 0.86147186 0.86580087 0.86580087 0.87012987 0.87012987 0.87445887
 0.87445887 0.87878788 0.87878788 0.88311688 0.88311688 0.88744589
 0.88744589 0.8961039  0.8961039  0.9004329  0.9004329  0.9047619
 0.9047619  0.90909091 0.90909091 0.91341991 0.91341991 0.92640693
 0.92640693 0.93506494 0.93506494 0.93506494 0.93506494 0.93939394
 0.93939394 0.94372294 0.94372294 0.94372294 0.94372294 0.94805195
 0.94805195 0.94805195 0.94805195 0.95238095 0.95238095 0.95238095
 0.95238095 0.95670996 0.95670996 0.96103896 0.96103896 0.96536797
 0.96536797 0.96969697 0.96969697 0.97402597 0.97402597 0.97835498
 0.97835498 0.98701299 0.98701299 0.98701299 0.98701299 0.98701299
 0.98701299 0.98701299 0.98701299 0.99134199 0.99134199 0.99134199
 0.99134199 0.99134199 0.995671   0.995671   0.995671   0.995671
 0.995671   0.995671   1.         1.        ]",0.7467007285031548,"[1.9852916  0.9852916  0.97790593 0.97773814 0.97399276 0.95754004
 0.95334399 0.95161909 0.95108092 0.94874209 0.94391125 0.94244725
 0.94158173 0.93591487 0.93285179 0.92901617 0.92816603 0.92743593
 0.92508155 0.91608053 0.9142397  0.91186011 0.91102123 0.91056931
 0.90800387 0.90693802 0.90151131 0.8809579  0.87983185 0.87592959
 0.87386155 0.87385094 0.87272573 0.86370486 0.86053687 0.85781527
 0.85514295 0.85489017 0.85444522 0.85270721 0.85019767 0.84511304
 0.83284688 0.83231181 0.8269456  0.82299405 0.82152224 0.82148361
 0.81080109 0.80095863 0.79496294 0.78861111 0.78289735 0.7828303
 0.78163242 0.78099108 0.77796191 0.7722773  0.75952095 0.75244302
 0.74408042 0.74348497 0.73344249 0.72934794 0.72132099 0.7115851
 0.71056813 0.70974666 0.70903194 0.70825344 0.70746678 0.70681238
 0.70582956 0.70302683 0.70228142 0.6981203  0.69327664 0.68933821
 0.68146354 0.68058735 0.67848575 0.67717838 0.67485273 0.67371464
 0.66608548 0.65332919 0.65263456 0.6521529  0.63128746 0.62558371
 0.61915368 0.60855436 0.60407543 0.60226297 0.59749264 0.59666002
 0.59270978 0.58847916 0.58284909 0.58025521 0.57882291 0.57835978
 0.57695037 0.57042003 0.56889659 0.56747091 0.56435907 0.56325752
 0.56266415 0.55554247 0.55553454 0.55473357 0.55472285 0.55414152
 0.54547793 0.54359794 0.52654493 0.52515823 0.51811081 0.51611406
 0.51368362 0.5105927  0.48899183 0.4830341  0.47804472 0.47565642
 0.47442675 0.47218418 0.4613063  0.45854804 0.45789695 0.45552117
 0.45153382 0.45092529 0.44913396 0.44773284 0.44342849 0.44043446
 0.43872279 0.43684477 0.43638864 0.43051076 0.42932844 0.4214488
 0.41851193 0.40857315 0.40731022 0.40484521 0.40421596 0.39500135
 0.39295334 0.37560141 0.37409669 0.37077415 0.37048975 0.36931419
 0.36869925 0.36504695 0.36491975 0.36414307 0.36294684 0.36284065
 0.3607412  0.35865146 0.35742271 0.3551853  0.35462686 0.35074887
 0.34972614 0.34674612 0.34299707 0.34233212 0.33699331 0.33615151
 0.33449316 0.33404741 0.32607844 0.32594183 0.32054794 0.31599358
 0.31488642 0.31468996 0.31390303 0.3122569  0.31086123 0.30314019
 0.30309594 0.29337475 0.29316884 0.29222637 0.29080424 0.28815043
 0.28770256 0.28750071 0.28663152 0.27893013 0.27884766 0.27763852
 0.27739736 0.27721292 0.2759175  0.2745524  0.27388284 0.27362522
 0.27253658 0.26454046 0.26297081 0.25731668 0.25637123 0.25599951
 0.25586489 0.25413734 0.25377193 0.25185946 0.24971405 0.24409389
 0.24315713 0.24200685 0.23999372 0.23934834 0.23789991 0.23784626
 0.23569967 0.23494761 0.23069882 0.22831383 0.22781296 0.22657084
 0.22166906 0.22090156 0.22079994 0.22018349 0.21612285 0.21512261
 0.20898147 0.20881388 0.20743391 0.2072548  0.20496912 0.20468129
 0.20340686 0.20340046 0.20196725 0.20184815 0.20160379 0.20073995
 0.19992456 0.1995963  0.19931184 0.19869444 0.19516733 0.19491723
 0.19276735 0.19192721 0.19113605 0.19096059 0.18885995 0.18614797
 0.18571468 0.18449545 0.18070367 0.18057419 0.17790709 0.17714819
 0.17377254 0.17339855 0.162375   0.15995739 0.14660087 0.14508519
 0.14436615 0.14349826 0.12964128 0.12956329 0.12833817 0.12809338
 0.12803805 0.12802978 0.12644354 0.12607262 0.1244536  0.12424818
 0.12218253 0.12215462 0.12137572 0.12130341 0.11846863 0.11826926
 0.11624284 0.11603893 0.10966355 0.10911838 0.10676145 0.10632415
 0.10611353 0.10480874 0.1031497  0.10182064 0.10038919 0.09028028
 0.09015769 0.07483766 0.07439188 0.06729839 0.0659035  0.06509511
 0.06463075 0.04971856 0.04850572 0.04817227]"
"[0.         0.         0.         0.0017331  0.0017331  0.0017331
 0.0017331  0.0017331  0.0034662  0.0034662  0.0034662  0.00866551
 0.00866551 0.01039861 0.01039861 0.01559792 0.01559792 0.01906412
 0.01906412 0.02079723 0.02079723 0.02253033 0.02253033 0.02426343
 0.02426343 0.02426343 0.02599653 0.02599653 0.02946274 0.02946274
 0.03119584 0.03119584 0.03812825 0.03812825 0.04159445 0.04159445
 0.04506066 0.04506066 0.04852686 0.04852686 0.05025997 0.05025997
 0.05025997 0.05199307 0.05199307 0.05545927 0.05719237 0.05719237
 0.05892548 0.05892548 0.06239168 0.06239168 0.06412478 0.06412478
 0.06759099 0.06759099 0.06932409 0.06932409 0.07279029 0.07279029
 0.0745234  0.0745234  0.0797227  0.0797227  0.08318891 0.08318891
 0.08492201 0.08492201 0.08838821 0.08838821 0.09012132 0.09012132
 0.09185442 0.09185442 0.09705373 0.09705373 0.09878683 0.09878683
 0.11438475 0.11438475 0.11611785 0.11611785 0.12824957 0.12824957
 0.12998267 0.12998267 0.14904679 0.14904679 0.1542461  0.1542461
 0.15771231 0.15771231 0.15944541 0.15944541 0.16811092 0.16811092
 0.16984402 0.16984402 0.17331023 0.17331023 0.17677643 0.17677643
 0.17850953 0.17850953 0.18197574 0.18197574 0.18370884 0.18370884
 0.18890815 0.18890815 0.19064125 0.19064125 0.19584055 0.19584055
 0.19757366 0.19757366 0.20103986 0.20103986 0.20277296 0.20797227
 0.21317158 0.21317158 0.21490468 0.21490468 0.21663778 0.21663778
 0.22183709 0.22183709 0.22530329 0.22530329 0.2287695  0.2287695
 0.2305026  0.2305026  0.2322357  0.2322357  0.23570191 0.23570191
 0.24263432 0.24263432 0.24610052 0.24610052 0.24956672 0.24956672
 0.25476603 0.25476603 0.25649913 0.25649913 0.25823224 0.25823224
 0.26516464 0.26516464 0.26689775 0.26689775 0.26863085 0.27036395
 0.28249567 0.28249567 0.29462738 0.29809359 0.30155979 0.30155979
 0.30329289 0.30329289 0.3084922  0.3084922  0.3102253  0.3102253
 0.31195841 0.31195841 0.31715771 0.31715771 0.31889081 0.31889081
 0.32235702 0.32235702 0.32755633 0.32755633 0.33275563 0.33275563
 0.33622184 0.33622184 0.33968804 0.33968804 0.34142114 0.34142114
 0.36568458 0.37088388 0.37435009 0.37781629 0.37954939 0.37954939
 0.3847487  0.3847487  0.40034662 0.40034662 0.41941075 0.41941075
 0.42114385 0.42114385 0.42287695 0.42287695 0.42634315 0.42634315
 0.43847487 0.43847487 0.44020797 0.44020797 0.44540728 0.44540728
 0.45753899 0.45753899 0.46620451 0.46620451 0.46967071 0.46967071
 0.47487002 0.47487002 0.47660312 0.47660312 0.48180243 0.48180243
 0.49393414 0.49393414 0.49566724 0.49913345 0.50086655 0.50086655
 0.50259965 0.50259965 0.50953206 0.50953206 0.51819757 0.51819757
 0.52166378 0.52859619 0.52859619 0.53206239 0.53206239 0.55979203
 0.55979203 0.56325823 0.56325823 0.58232236 0.58578856 0.58925477
 0.58925477 0.59098787 0.59098787 0.60138648 0.60138648 0.60311958
 0.60311958 0.60658579 0.61005199 0.6169844  0.62391681 0.62564991
 0.62564991 0.63604853 0.63604853 0.65164645 0.65164645 0.65511265
 0.65857886 0.66897747 0.66897747 0.67590988 0.67937608 0.68457539
 0.68457539 0.68804159 0.68804159 0.6915078  0.6915078  0.70537262
 0.70537262 0.73310225 0.73310225 0.73656846 0.74003466 0.75736568
 0.76083189 0.76256499 0.76256499 0.78162912 0.78509532 0.79722704
 0.80242634 0.87694974 0.88041594 0.89774697 0.90294627 0.90987868
 0.91161179 0.91507799 0.91507799 0.94280763 0.94800693 0.95147314
 0.95493934 0.96880416 0.97227036 0.97400347 0.97746967 0.98440208
 0.98786828 0.99306759 0.9982669  1.        ]","[0.         0.01298701 0.03463203 0.03896104 0.04761905 0.06493506
 0.09090909 0.13852814 0.13852814 0.15151515 0.16017316 0.16017316
 0.17316017 0.17316017 0.18181818 0.18181818 0.1991342  0.1991342
 0.2034632  0.2034632  0.20779221 0.20779221 0.22077922 0.22077922
 0.22510823 0.23809524 0.23809524 0.24675325 0.24675325 0.25108225
 0.25108225 0.28138528 0.28138528 0.28571429 0.28571429 0.29437229
 0.29437229 0.3030303  0.3030303  0.31168831 0.31168831 0.31601732
 0.32467532 0.32467532 0.33766234 0.33766234 0.33766234 0.34199134
 0.34199134 0.35064935 0.35064935 0.35497835 0.35497835 0.36796537
 0.36796537 0.37229437 0.37229437 0.37662338 0.37662338 0.38095238
 0.38095238 0.39393939 0.39393939 0.3982684  0.3982684  0.4025974
 0.4025974  0.41125541 0.41125541 0.42424242 0.42424242 0.42857143
 0.42857143 0.43290043 0.43290043 0.44155844 0.44155844 0.44588745
 0.44588745 0.46320346 0.46320346 0.47619048 0.47619048 0.48484848
 0.48484848 0.4978355  0.4978355  0.5021645  0.5021645  0.51515152
 0.51515152 0.51948052 0.51948052 0.52380952 0.52380952 0.52813853
 0.52813853 0.53246753 0.53246753 0.53679654 0.53679654 0.54545455
 0.54545455 0.54978355 0.54978355 0.55411255 0.55411255 0.55844156
 0.55844156 0.56277056 0.56277056 0.56709957 0.56709957 0.57142857
 0.57142857 0.58441558 0.58441558 0.58874459 0.58874459 0.5974026
 0.5974026  0.6017316  0.6017316  0.60606061 0.60606061 0.61471861
 0.61471861 0.62337662 0.62337662 0.62770563 0.62770563 0.63203463
 0.63203463 0.63636364 0.63636364 0.64502165 0.64502165 0.64935065
 0.64935065 0.65367965 0.65367965 0.66233766 0.66233766 0.66666667
 0.66666667 0.67099567 0.67099567 0.67532468 0.67532468 0.67965368
 0.67965368 0.68398268 0.68398268 0.68831169 0.68831169 0.69264069
 0.69264069 0.6969697  0.6969697  0.6969697  0.6969697  0.7012987
 0.7012987  0.70562771 0.70562771 0.70995671 0.70995671 0.71428571
 0.71428571 0.72294372 0.72294372 0.72727273 0.72727273 0.73160173
 0.73160173 0.73593074 0.73593074 0.74891775 0.74891775 0.75324675
 0.75324675 0.75757576 0.75757576 0.76190476 0.76190476 0.76623377
 0.76623377 0.76623377 0.76623377 0.76623377 0.76623377 0.77056277
 0.77056277 0.77489177 0.77489177 0.77922078 0.77922078 0.78354978
 0.78354978 0.79220779 0.79220779 0.7965368  0.7965368  0.80519481
 0.80519481 0.80952381 0.80952381 0.81385281 0.81385281 0.83549784
 0.83549784 0.83982684 0.83982684 0.84415584 0.84415584 0.84848485
 0.84848485 0.85281385 0.85281385 0.85714286 0.85714286 0.86147186
 0.86147186 0.86580087 0.86580087 0.86580087 0.86580087 0.87878788
 0.87878788 0.88311688 0.88311688 0.89177489 0.89177489 0.8961039
 0.8961039  0.8961039  0.9047619  0.9047619  0.90909091 0.90909091
 0.91341991 0.91341991 0.92207792 0.92207792 0.92207792 0.92207792
 0.92640693 0.92640693 0.93073593 0.93073593 0.93506494 0.93506494
 0.93939394 0.93939394 0.93939394 0.93939394 0.93939394 0.93939394
 0.94372294 0.94372294 0.94805195 0.94805195 0.95238095 0.95238095
 0.95238095 0.95238095 0.95670996 0.95670996 0.95670996 0.95670996
 0.96103896 0.96103896 0.96536797 0.96536797 0.96969697 0.96969697
 0.97402597 0.97402597 0.97835498 0.97835498 0.97835498 0.97835498
 0.97835498 0.97835498 0.99134199 0.99134199 0.99134199 0.99134199
 0.99134199 0.99134199 0.99134199 0.99134199 0.99134199 0.99134199
 0.995671   0.995671   1.         1.         1.         1.
 1.         1.         1.         1.         1.         1.
 1.         1.         1.         1.        ]",0.7879275548253017,"[1.98828822 0.98828822 0.98024338 0.97518563 0.97412282 0.97003394
 0.96704829 0.95476758 0.95404613 0.94905531 0.94725937 0.9459002
 0.94060457 0.93903762 0.93592095 0.93443799 0.92912668 0.92385316
 0.92312288 0.92053306 0.91850179 0.91784823 0.91696262 0.91287977
 0.91261935 0.9122771  0.9052797  0.90202528 0.89981645 0.89910895
 0.89824539 0.88768226 0.87872529 0.87741405 0.87421191 0.87294
 0.86224574 0.85992855 0.85693538 0.85358357 0.85021281 0.84922558
 0.84863412 0.83967161 0.83160061 0.83044833 0.82374287 0.8197664
 0.81765437 0.81237    0.80652273 0.806449   0.80555886 0.80070204
 0.79563862 0.79298955 0.78952801 0.7880531  0.78028357 0.77459675
 0.77400184 0.76724333 0.75691068 0.75405109 0.75074786 0.74231422
 0.73446518 0.73216426 0.72072381 0.70940101 0.70741057 0.70713162
 0.70704842 0.70385057 0.68363315 0.67899561 0.67654341 0.67493927
 0.65880895 0.65052485 0.64736813 0.6348151  0.62408412 0.61788452
 0.61703926 0.61136186 0.57096809 0.56819946 0.56203598 0.55465019
 0.54513299 0.54246253 0.53946185 0.5388391  0.52956927 0.52661818
 0.5242784  0.52217215 0.51722324 0.51499009 0.50989091 0.5081588
 0.5037291  0.49788728 0.4945249  0.49346647 0.4897123  0.48611847
 0.48499146 0.48419026 0.48334187 0.47938398 0.46260759 0.4617908
 0.46067661 0.45365766 0.45245558 0.44918987 0.44246784 0.43946779
 0.43647197 0.43295461 0.43041137 0.4298422  0.4295525  0.42686453
 0.42333567 0.42243266 0.41524622 0.41470107 0.41403568 0.41354418
 0.41186592 0.40874729 0.40532672 0.40293264 0.39670241 0.38936284
 0.38192308 0.38040221 0.37574461 0.37080857 0.36923048 0.36887094
 0.36486727 0.36141253 0.36113593 0.35997796 0.3589493  0.35215962
 0.34772867 0.34746751 0.34728563 0.34381968 0.33730376 0.33622932
 0.32507589 0.32446593 0.31057021 0.30480969 0.30161566 0.29889885
 0.29860884 0.29740828 0.29179114 0.29119119 0.28972572 0.28821951
 0.28648323 0.2811268  0.27273422 0.27254292 0.26975971 0.26827177
 0.26457167 0.26279548 0.260943   0.2586492  0.25165653 0.24809089
 0.24689505 0.24426036 0.24071705 0.24049853 0.2397642  0.2381811
 0.22623566 0.22537565 0.22423063 0.22408929 0.22401635 0.22354013
 0.22115333 0.22112574 0.20893954 0.20759271 0.19472428 0.19334251
 0.19324698 0.1929758  0.19198519 0.19102779 0.18995525 0.18960021
 0.18170594 0.17851134 0.17837393 0.17827863 0.17593448 0.16918501
 0.16046612 0.15801623 0.15482625 0.15430181 0.15400065 0.15121607
 0.14810213 0.14694807 0.14629622 0.14524525 0.14232223 0.14137584
 0.1376867  0.13704574 0.13572031 0.1348685  0.13471106 0.1314836
 0.13050035 0.13023262 0.12663679 0.12225609 0.11724862 0.11700515
 0.11648538 0.11225762 0.11056016 0.10817706 0.10809063 0.10113304
 0.09974515 0.09938838 0.09894346 0.09307026 0.09251248 0.09157845
 0.09061392 0.09056071 0.09033317 0.08625527 0.08601786 0.08508326
 0.08488306 0.08169577 0.08162117 0.07957307 0.07894075 0.07813322
 0.07787896 0.07514174 0.07380089 0.07048163 0.0703588  0.06936105
 0.06926642 0.06746098 0.06729507 0.06654133 0.06643215 0.06550959
 0.06516836 0.0645612  0.06444252 0.06398878 0.06290119 0.05840924
 0.05834839 0.05376958 0.05322954 0.05288474 0.0524566  0.04797709
 0.04794557 0.04763568 0.0450279  0.04145495 0.04124541 0.03935977
 0.03921656 0.0265385  0.02645782 0.02537073 0.02534196 0.02483876
 0.02436702 0.02397582 0.02385315 0.01903313 0.01900558 0.01809538
 0.01753243 0.01641428 0.01637352 0.01595348 0.01582328 0.0137686
 0.01316629 0.01076386 0.01026892 0.00988161]"
"[0.         0.0017331  0.0017331  0.0017331  0.0017331  0.0034662
 0.0034662  0.00519931 0.00519931 0.00693241 0.00693241 0.00866551
 0.00866551 0.00866551 0.00866551 0.00866551 0.01039861 0.01039861
 0.01039861 0.01386482 0.01386482 0.02426343 0.02426343 0.02946274
 0.02946274 0.03119584 0.03119584 0.03466205 0.03466205 0.03639515
 0.03639515 0.03812825 0.03812825 0.03986135 0.03986135 0.04159445
 0.04159445 0.04852686 0.04852686 0.05025997 0.05025997 0.05025997
 0.05025997 0.05199307 0.05199307 0.05372617 0.05372617 0.05545927
 0.05545927 0.06239168 0.06239168 0.06585789 0.06585789 0.06759099
 0.06759099 0.0745234  0.0745234  0.0762565  0.0762565  0.0797227
 0.0797227  0.08492201 0.08492201 0.09185442 0.09358752 0.09358752
 0.09705373 0.09878683 0.09878683 0.10051993 0.10051993 0.10398614
 0.10398614 0.10571924 0.10918544 0.11091854 0.11091854 0.11265165
 0.11265165 0.11438475 0.11438475 0.11958406 0.11958406 0.13344887
 0.13344887 0.13864818 0.13864818 0.14038128 0.14038128 0.14211438
 0.14211438 0.14558059 0.14558059 0.152513   0.152513   0.16464471
 0.16464471 0.16811092 0.16811092 0.16984402 0.16984402 0.17677643
 0.17677643 0.17850953 0.17850953 0.18197574 0.18197574 0.18370884
 0.18370884 0.18717504 0.18717504 0.18890815 0.18890815 0.19410745
 0.19410745 0.19757366 0.19757366 0.20450607 0.20450607 0.20797227
 0.20797227 0.21143847 0.21143847 0.21490468 0.21490468 0.22357019
 0.22357019 0.22530329 0.2305026  0.2305026  0.24090121 0.24090121
 0.25649913 0.25649913 0.26169844 0.26516464 0.27209705 0.27209705
 0.27556326 0.27729636 0.28249567 0.28249567 0.28596187 0.28596187
 0.29116118 0.29116118 0.29462738 0.29462738 0.32755633 0.32755633
 0.32928943 0.32928943 0.34315425 0.34315425 0.34662045 0.34662045
 0.35355286 0.35355286 0.36048527 0.36048527 0.36568458 0.36568458
 0.37261698 0.37261698 0.37954939 0.37954939 0.3847487  0.3847487
 0.3864818  0.3864818  0.39688042 0.39688042 0.39861352 0.39861352
 0.40034662 0.40034662 0.40207972 0.40207972 0.41074523 0.41074523
 0.41421144 0.41421144 0.42287695 0.42287695 0.42461005 0.42461005
 0.43500867 0.43500867 0.44367418 0.44367418 0.46793761 0.46793761
 0.47487002 0.47487002 0.48353553 0.48353553 0.49393414 0.49393414
 0.49913345 0.49913345 0.50259965 0.50259965 0.51646447 0.51646447
 0.51993068 0.5355286  0.5355286  0.5389948  0.54246101 0.54246101
 0.54939341 0.54939341 0.55112652 0.55112652 0.56152513 0.56152513
 0.56325823 0.56325823 0.56672444 0.57192374 0.58405546 0.58405546
 0.58925477 0.58925477 0.59098787 0.59098787 0.59272097 0.59272097
 0.59445407 0.59445407 0.59618718 0.59618718 0.6152513  0.6152513
 0.63778163 0.63778163 0.64124783 0.64124783 0.64471404 0.64471404
 0.64818024 0.67590988 0.67590988 0.69844021 0.69844021 0.70883882
 0.71403813 0.72790295 0.73136915 0.73656846 0.73656846 0.74523397
 0.74523397 0.74870017 0.74870017 0.75043328 0.75736568 0.76083189
 0.76083189 0.76256499 0.7660312  0.78509532 0.78509532 0.79722704
 0.79722704 0.79896014 0.80589255 0.80935875 0.80935875 0.81975737
 0.81975737 0.82668977 0.83188908 0.83882149 0.83882149 0.8457539
 0.8492201  0.8492201  0.85788562 0.85788562 0.86828423 0.87348354
 0.87521664 0.87521664 0.88041594 0.88388215 0.88561525 0.88561525
 0.91334489 0.91334489 0.91854419 0.91854419 0.92720971 0.92720971
 0.96013865 0.96707106 0.97053726 0.97400347 0.97920277 0.97920277
 0.98613518 0.98613518 0.99480069 1.        ]","[0.         0.         0.02597403 0.04329004 0.05194805 0.05194805
 0.06060606 0.06060606 0.08658009 0.08658009 0.09090909 0.0952381
 0.10822511 0.11688312 0.12987013 0.14718615 0.14718615 0.15584416
 0.19047619 0.19047619 0.2034632  0.2034632  0.20779221 0.20779221
 0.22510823 0.22510823 0.22943723 0.22943723 0.24242424 0.24242424
 0.24675325 0.24675325 0.25541126 0.25541126 0.27272727 0.27272727
 0.28138528 0.28138528 0.28571429 0.28571429 0.29437229 0.3030303
 0.30735931 0.30735931 0.31168831 0.31168831 0.31601732 0.31601732
 0.32467532 0.32467532 0.33333333 0.33333333 0.33766234 0.33766234
 0.34199134 0.34199134 0.35930736 0.35930736 0.36363636 0.36363636
 0.37229437 0.37229437 0.37662338 0.37662338 0.37662338 0.38095238
 0.38095238 0.38095238 0.38961039 0.38961039 0.3982684  0.3982684
 0.4025974  0.4025974  0.4025974  0.4025974  0.40692641 0.40692641
 0.41125541 0.41125541 0.41558442 0.41558442 0.42424242 0.42424242
 0.42857143 0.42857143 0.43722944 0.43722944 0.44155844 0.44155844
 0.45454545 0.45454545 0.46320346 0.46320346 0.48051948 0.48051948
 0.48484848 0.48484848 0.4978355  0.4978355  0.5021645  0.5021645
 0.50649351 0.50649351 0.51082251 0.51082251 0.51515152 0.51515152
 0.51948052 0.51948052 0.52813853 0.52813853 0.53679654 0.53679654
 0.54112554 0.54112554 0.54545455 0.54545455 0.54978355 0.54978355
 0.55411255 0.55411255 0.56277056 0.56277056 0.56709957 0.56709957
 0.57142857 0.57142857 0.58008658 0.58441558 0.58441558 0.59307359
 0.59307359 0.5974026  0.5974026  0.5974026  0.5974026  0.61471861
 0.61471861 0.61904762 0.61904762 0.62770563 0.62770563 0.63203463
 0.63203463 0.63636364 0.63636364 0.64502165 0.64502165 0.64935065
 0.64935065 0.65367965 0.65367965 0.65800866 0.65800866 0.67099567
 0.67099567 0.67532468 0.67532468 0.67965368 0.67965368 0.68398268
 0.68398268 0.68831169 0.68831169 0.69264069 0.69264069 0.6969697
 0.6969697  0.7012987  0.7012987  0.70562771 0.70562771 0.70995671
 0.70995671 0.71861472 0.71861472 0.72294372 0.72294372 0.72727273
 0.72727273 0.74025974 0.74025974 0.74458874 0.74458874 0.74891775
 0.74891775 0.75324675 0.75324675 0.75757576 0.75757576 0.76190476
 0.76190476 0.77056277 0.77056277 0.77922078 0.77922078 0.78354978
 0.78354978 0.78787879 0.78787879 0.7965368  0.7965368  0.8008658
 0.8008658  0.8008658  0.80952381 0.80952381 0.80952381 0.81385281
 0.81385281 0.81818182 0.81818182 0.82251082 0.82251082 0.83116883
 0.83116883 0.83982684 0.83982684 0.83982684 0.83982684 0.84415584
 0.84415584 0.85281385 0.85281385 0.85714286 0.85714286 0.86147186
 0.86147186 0.87012987 0.87012987 0.87445887 0.87445887 0.88311688
 0.88311688 0.88744589 0.88744589 0.89177489 0.89177489 0.8961039
 0.8961039  0.8961039  0.9047619  0.9047619  0.90909091 0.90909091
 0.90909091 0.90909091 0.90909091 0.90909091 0.91774892 0.91774892
 0.92207792 0.92207792 0.92640693 0.92640693 0.92640693 0.92640693
 0.93073593 0.93073593 0.93073593 0.93073593 0.93506494 0.93506494
 0.93939394 0.94372294 0.94372294 0.94372294 0.94805195 0.94805195
 0.95238095 0.95238095 0.95238095 0.95238095 0.96103896 0.96103896
 0.96103896 0.96536797 0.96536797 0.96969697 0.96969697 0.96969697
 0.96969697 0.97402597 0.97402597 0.97402597 0.97402597 0.97835498
 0.97835498 0.98268398 0.98268398 0.98701299 0.98701299 0.99134199
 0.99134199 0.99134199 0.99134199 0.99134199 0.99134199 0.995671
 0.995671   1.         1.         1.        ]",0.7345164944818324,"[1.99531531 0.99531531 0.99262989 0.98623651 0.98386824 0.98339081
 0.98262078 0.98221982 0.97395545 0.97304499 0.97217125 0.97008574
 0.97003615 0.9672423  0.96284223 0.96022379 0.95806605 0.95690441
 0.95172989 0.95018923 0.94924819 0.93790758 0.93771827 0.92837715
 0.92295778 0.92169625 0.92017955 0.91862589 0.91236663 0.91050303
 0.90878153 0.90873826 0.90701264 0.90561855 0.90244114 0.90118343
 0.8971687  0.89328194 0.89301234 0.89029634 0.88652539 0.88313526
 0.88024294 0.8767283  0.87334508 0.8656373  0.86478585 0.86195594
 0.86087811 0.82980847 0.82615346 0.81906909 0.81765348 0.81723076
 0.81406438 0.8078528  0.80034065 0.79354006 0.78753048 0.77919155
 0.77674365 0.77445877 0.77193421 0.76916158 0.76636946 0.76220167
 0.75896704 0.75695276 0.75365096 0.73872411 0.73095983 0.72736508
 0.72544849 0.72544611 0.72522503 0.72145063 0.7206862  0.71880043
 0.71734256 0.71367508 0.71105009 0.70613927 0.70539546 0.67492753
 0.67309356 0.66989529 0.65510213 0.64304715 0.64150065 0.62798119
 0.61932403 0.61634237 0.61124635 0.59619415 0.58656818 0.57798558
 0.57587135 0.57285446 0.55793625 0.55659211 0.55513096 0.54374462
 0.54336381 0.54334557 0.54146153 0.52854139 0.52836305 0.52563483
 0.51954585 0.51528013 0.51305062 0.51184958 0.50958037 0.50411969
 0.50378263 0.49928576 0.4976413  0.49104854 0.49059436 0.48692897
 0.48297572 0.47528219 0.46984079 0.46726444 0.46600306 0.4616681
 0.46064121 0.45254883 0.45032009 0.44937447 0.43350205 0.43285149
 0.40659383 0.40297654 0.39643264 0.3962948  0.38950559 0.38178545
 0.38127097 0.37491918 0.37149361 0.36928567 0.36818692 0.36712801
 0.35672146 0.35655409 0.35127121 0.3475028  0.31806579 0.31778911
 0.30521604 0.30238512 0.28688806 0.28632158 0.28267166 0.27671668
 0.26866627 0.26679638 0.25910106 0.25724155 0.25452849 0.25199914
 0.24795851 0.24613523 0.23541895 0.23309283 0.22948733 0.22871017
 0.2280573  0.22802611 0.22151776 0.22111118 0.21597622 0.21465233
 0.21442665 0.21277972 0.21187952 0.21030329 0.2043253  0.20300511
 0.20089199 0.19920123 0.19615141 0.19601169 0.19355077 0.19229011
 0.18478313 0.18401726 0.17335461 0.17162645 0.1597802  0.15975009
 0.15503046 0.15449746 0.14996642 0.14803202 0.14324449 0.14213395
 0.14162061 0.14068125 0.14014333 0.13855758 0.13118781 0.13084707
 0.1295758  0.12176179 0.11981032 0.11959203 0.11885145 0.11836001
 0.1169828  0.11661635 0.11616689 0.11430944 0.11089776 0.10989834
 0.10923395 0.10695622 0.10334279 0.10296121 0.09669028 0.09472005
 0.09162204 0.08933868 0.08833939 0.08828654 0.0874406  0.08732179
 0.08710458 0.0863159  0.08578204 0.08551364 0.07603189 0.07394218
 0.07063071 0.07036617 0.06909767 0.06816873 0.06596629 0.06573343
 0.06550247 0.06113378 0.06112085 0.05721201 0.05719981 0.05531611
 0.05522527 0.05293672 0.05228729 0.05113318 0.05093473 0.04930473
 0.04848552 0.04813798 0.04733399 0.04725967 0.04685924 0.0460562
 0.04583436 0.04476093 0.04473585 0.04187201 0.04115847 0.03765157
 0.03752248 0.03690962 0.03641464 0.03636546 0.03631212 0.03455152
 0.03412358 0.0332718  0.03269999 0.0306021  0.02989828 0.02948963
 0.02859296 0.02855978 0.02778747 0.02767367 0.02599339 0.0258639
 0.0256126  0.02550315 0.02489376 0.0248335  0.02468963 0.0245637
 0.02102216 0.02100599 0.02029182 0.02028128 0.01913529 0.01903714
 0.01401674 0.01390406 0.0126052  0.01232896 0.01166702 0.01067505
 0.00928318 0.00881843 0.00462608 0.00424732]"
"[0.         0.         0.0017331  0.0017331  0.0017331  0.0017331
 0.0017331  0.0034662  0.0034662  0.00519931 0.00519931 0.00693241
 0.00693241 0.00866551 0.01039861 0.01039861 0.01213172 0.01213172
 0.01213172 0.01213172 0.01386482 0.01386482 0.01559792 0.01559792
 0.01733102 0.01733102 0.01906412 0.01906412 0.02079723 0.02253033
 0.02253033 0.02599653 0.02772964 0.02772964 0.03119584 0.03119584
 0.03292894 0.03292894 0.03292894 0.03466205 0.03466205 0.03639515
 0.03639515 0.03639515 0.04159445 0.04159445 0.04506066 0.04506066
 0.05199307 0.05199307 0.05892548 0.05892548 0.06412478 0.06412478
 0.06585789 0.06585789 0.07105719 0.07105719 0.0745234  0.0745234
 0.0762565  0.0762565  0.0779896  0.0779896  0.08492201 0.08492201
 0.09185442 0.09185442 0.09358752 0.09358752 0.10571924 0.10571924
 0.10745234 0.10745234 0.11785095 0.11785095 0.11958406 0.11958406
 0.12131716 0.12131716 0.12478336 0.12478336 0.12651646 0.12651646
 0.12824957 0.12824957 0.13344887 0.13344887 0.13518198 0.13518198
 0.13691508 0.13691508 0.14038128 0.14038128 0.14211438 0.14211438
 0.14384749 0.14384749 0.14731369 0.14731369 0.1542461  0.1542461
 0.1559792  0.1559792  0.15944541 0.16291161 0.16291161 0.17504333
 0.17504333 0.17677643 0.17677643 0.18197574 0.18197574 0.19410745
 0.19410745 0.19930676 0.19930676 0.20623917 0.20623917 0.20970537
 0.20970537 0.21837088 0.21837088 0.22010399 0.22010399 0.2270364
 0.2270364  0.2287695  0.2322357  0.2322357  0.23916811 0.23916811
 0.24956672 0.24956672 0.25303293 0.25476603 0.25476603 0.25996534
 0.25996534 0.26516464 0.26516464 0.26689775 0.26689775 0.27209705
 0.27209705 0.27556326 0.27556326 0.27729636 0.27729636 0.27902946
 0.27902946 0.28076256 0.28076256 0.28422877 0.28422877 0.28942808
 0.28942808 0.29809359 0.29809359 0.30329289 0.30329289 0.305026
 0.305026   0.3067591  0.3067591  0.31369151 0.31369151 0.31889081
 0.31889081 0.32582322 0.32582322 0.33448873 0.33448873 0.34142114
 0.34142114 0.34488735 0.34488735 0.34662045 0.34662045 0.35355286
 0.35355286 0.35528596 0.35528596 0.35701906 0.35701906 0.35875217
 0.35875217 0.36568458 0.36568458 0.37435009 0.37435009 0.3882149
 0.3882149  0.38994801 0.38994801 0.39861352 0.39861352 0.40381282
 0.40381282 0.41247834 0.41594454 0.42807626 0.42807626 0.43500867
 0.43500867 0.43847487 0.43847487 0.44194107 0.44194107 0.44367418
 0.44367418 0.44714038 0.44714038 0.45233969 0.45233969 0.45580589
 0.45580589 0.4627383  0.4627383  0.46967071 0.46967071 0.47660312
 0.47660312 0.48180243 0.48180243 0.48526863 0.49046794 0.50779896
 0.50779896 0.50953206 0.50953206 0.51126516 0.51126516 0.51819757
 0.51819757 0.5355286  0.5355286  0.5372617  0.5372617  0.54592721
 0.54592721 0.56845754 0.56845754 0.57538995 0.57538995 0.57885615
 0.57885615 0.61005199 0.6135182  0.62218371 0.62218371 0.62564991
 0.62911612 0.63604853 0.63951473 0.64124783 0.64471404 0.64991334
 0.64991334 0.65857886 0.66204506 0.67590988 0.67590988 0.71577123
 0.71577123 0.72270364 0.72270364 0.73483536 0.73483536 0.74350087
 0.74350087 0.76429809 0.76429809 0.7677643  0.7677643  0.7712305
 0.77816291 0.79376083 0.79722704 0.80415945 0.80415945 0.80589255
 0.80762565 0.82668977 0.82668977 0.83535529 0.83535529 0.84228769
 0.85268631 0.86308492 0.86308492 0.87001733 0.87348354 0.88041594
 0.88041594 0.9220104  0.9254766  0.95320624 0.95667244 0.96187175
 0.96707106 0.97400347 0.97400347 0.97920277 0.98613518 0.98786828
 0.99133449 0.99306759 0.9982669  1.        ]","[0.         0.01298701 0.01298701 0.03030303 0.04329004 0.05194805
 0.06926407 0.06926407 0.08225108 0.08225108 0.0995671  0.0995671
 0.11255411 0.11255411 0.11688312 0.12121212 0.12121212 0.13419913
 0.14285714 0.15151515 0.15151515 0.15584416 0.15584416 0.16017316
 0.16017316 0.1991342  0.1991342  0.2034632  0.20779221 0.20779221
 0.21645022 0.21645022 0.21645022 0.22943723 0.22943723 0.23376623
 0.23376623 0.24242424 0.24675325 0.24675325 0.25108225 0.25108225
 0.25541126 0.26839827 0.26839827 0.27272727 0.27272727 0.28571429
 0.28571429 0.2987013  0.2987013  0.3030303  0.3030303  0.31168831
 0.31168831 0.32034632 0.32034632 0.34632035 0.34632035 0.35497835
 0.35497835 0.35930736 0.35930736 0.36363636 0.36363636 0.36796537
 0.36796537 0.37229437 0.37229437 0.37662338 0.37662338 0.38095238
 0.38095238 0.38528139 0.38528139 0.38961039 0.38961039 0.39393939
 0.39393939 0.40692641 0.40692641 0.41125541 0.41125541 0.42857143
 0.42857143 0.43290043 0.43290043 0.44588745 0.44588745 0.45454545
 0.45454545 0.45887446 0.45887446 0.46320346 0.46320346 0.46753247
 0.46753247 0.47186147 0.47186147 0.47619048 0.47619048 0.48051948
 0.48051948 0.48917749 0.48917749 0.48917749 0.49350649 0.49350649
 0.4978355  0.4978355  0.50649351 0.50649351 0.51082251 0.51082251
 0.52380952 0.52380952 0.52813853 0.52813853 0.53246753 0.53246753
 0.54112554 0.54112554 0.54545455 0.54545455 0.55844156 0.55844156
 0.56709957 0.56709957 0.56709957 0.57142857 0.57142857 0.57575758
 0.57575758 0.58008658 0.58008658 0.58008658 0.58441558 0.58441558
 0.58874459 0.5974026  0.6017316  0.6017316  0.61038961 0.61038961
 0.61471861 0.61471861 0.64935065 0.64935065 0.65367965 0.65367965
 0.65800866 0.65800866 0.66233766 0.66233766 0.66666667 0.66666667
 0.67099567 0.67099567 0.67532468 0.67532468 0.67965368 0.67965368
 0.68398268 0.68398268 0.70562771 0.70562771 0.71428571 0.71428571
 0.71861472 0.71861472 0.72294372 0.72294372 0.72727273 0.72727273
 0.73160173 0.73160173 0.74458874 0.74458874 0.74891775 0.74891775
 0.75324675 0.75324675 0.75757576 0.75757576 0.76190476 0.76190476
 0.76623377 0.76623377 0.77489177 0.77489177 0.77922078 0.77922078
 0.78787879 0.78787879 0.79220779 0.79220779 0.81385281 0.81385281
 0.81818182 0.81818182 0.81818182 0.81818182 0.82251082 0.82251082
 0.82683983 0.82683983 0.83116883 0.83116883 0.83982684 0.83982684
 0.84415584 0.84415584 0.84848485 0.84848485 0.85281385 0.85281385
 0.85714286 0.85714286 0.86147186 0.86147186 0.86580087 0.86580087
 0.87012987 0.87012987 0.87445887 0.87445887 0.87445887 0.87445887
 0.87878788 0.87878788 0.88311688 0.88311688 0.88744589 0.88744589
 0.89177489 0.89177489 0.8961039  0.8961039  0.9047619  0.9047619
 0.90909091 0.90909091 0.91341991 0.91341991 0.91774892 0.91774892
 0.92640693 0.92640693 0.92640693 0.92640693 0.93073593 0.93073593
 0.93073593 0.93073593 0.93073593 0.93073593 0.93073593 0.93073593
 0.93506494 0.93506494 0.93506494 0.93506494 0.93939394 0.93939394
 0.94372294 0.94372294 0.94805195 0.94805195 0.95670996 0.95670996
 0.96103896 0.96103896 0.96536797 0.96536797 0.96969697 0.96969697
 0.96969697 0.96969697 0.96969697 0.96969697 0.97402597 0.97402597
 0.97835498 0.97835498 0.98268398 0.98268398 0.98701299 0.98701299
 0.98701299 0.98701299 0.99134199 0.99134199 0.99134199 0.99134199
 0.995671   0.995671   0.995671   0.995671   0.995671   0.995671
 0.995671   0.995671   1.         1.         1.         1.
 1.         1.         1.         1.        ]",0.7690885082566192,"[1.98728895 0.98728895 0.98531598 0.98196101 0.9795379  0.97895128
 0.97670627 0.97525626 0.96739554 0.96653575 0.96442765 0.96323371
 0.96300161 0.96054667 0.9597674  0.95925248 0.95750976 0.95534831
 0.95530927 0.95450199 0.9541719  0.95279181 0.9520213  0.95161122
 0.95066583 0.94284374 0.94093817 0.94016659 0.93802065 0.93707991
 0.93492573 0.92952871 0.92890245 0.92699891 0.92515737 0.92489886
 0.92336738 0.92329431 0.91920018 0.9129591  0.91138411 0.90949035
 0.90363097 0.90332603 0.89895517 0.89651257 0.89573485 0.88718009
 0.87232286 0.86697811 0.84718013 0.84669358 0.84370655 0.83665389
 0.83364981 0.82999355 0.82248044 0.80762959 0.79009205 0.77805936
 0.77688897 0.77512276 0.77279478 0.77272105 0.76454133 0.7609939
 0.75126874 0.75029868 0.74840719 0.74721605 0.73197639 0.72501606
 0.72147393 0.71940237 0.70512712 0.70202965 0.69439566 0.69028676
 0.6859659  0.67660183 0.67288667 0.67124939 0.67117828 0.66748828
 0.6670683  0.66639119 0.66129208 0.65378743 0.65329385 0.64963806
 0.64538217 0.64392102 0.63504064 0.63357353 0.63142604 0.62860745
 0.62412798 0.61947888 0.61772346 0.61706275 0.60410154 0.59895676
 0.59303999 0.58874989 0.58566993 0.58290833 0.5797233  0.549959
 0.54964352 0.54852456 0.53874862 0.53490889 0.53297859 0.5167951
 0.51065546 0.49933428 0.491988   0.48677686 0.48540252 0.48493093
 0.48404455 0.47230053 0.46734422 0.46669045 0.46455351 0.45697865
 0.44358426 0.44159693 0.4401153  0.43997374 0.43528196 0.43526092
 0.42274106 0.42230618 0.4220883  0.41855481 0.41852275 0.41399571
 0.41189328 0.41007665 0.40930295 0.40922651 0.40489906 0.4005197
 0.40028891 0.39736715 0.38294199 0.38238508 0.38225439 0.38000923
 0.37880507 0.37814942 0.3735598  0.37178361 0.37011144 0.35903975
 0.35756335 0.3506926  0.34996587 0.34268725 0.3415831  0.3405346
 0.33774427 0.33646068 0.32644066 0.32213813 0.31811136 0.3091923
 0.30826539 0.30192974 0.30173361 0.29155141 0.2914739  0.2851972
 0.28471673 0.28078401 0.27804431 0.27743062 0.27720803 0.26987192
 0.26956007 0.26878604 0.26815644 0.26548681 0.2653681  0.26384756
 0.26203063 0.25068986 0.24653304 0.24255417 0.23893434 0.23346777
 0.2254054  0.22165553 0.22156538 0.21297716 0.20630868 0.20438468
 0.20354296 0.19713785 0.19689134 0.18980539 0.18919399 0.18158665
 0.18139142 0.17921968 0.17783463 0.17748326 0.17637318 0.17589338
 0.17463939 0.17432125 0.17407507 0.16975033 0.16753656 0.16621794
 0.16442561 0.15978566 0.15962081 0.15467052 0.15325668 0.14971159
 0.14954685 0.14692265 0.14511314 0.1433083  0.14308919 0.13563298
 0.13442139 0.13409431 0.13325721 0.13264151 0.13129725 0.12561932
 0.12219781 0.11496062 0.11329877 0.11256421 0.11192295 0.10907319
 0.10867839 0.10272078 0.10236035 0.09610599 0.09495792 0.09238017
 0.0922968  0.08369064 0.08363301 0.07813796 0.07604125 0.07483356
 0.07451866 0.07255301 0.07223403 0.07219825 0.07087272 0.06992015
 0.06885858 0.06757309 0.06632423 0.06057895 0.05933205 0.05033784
 0.04891383 0.04734152 0.04704903 0.04579453 0.04531089 0.04362569
 0.04356967 0.04058468 0.04049302 0.03962626 0.03958564 0.03925164
 0.03881386 0.03821091 0.03819863 0.03699934 0.03676286 0.03669646
 0.03667272 0.03236893 0.03224566 0.03122002 0.02969226 0.02896452
 0.0287506  0.02687888 0.02652855 0.0263429  0.02626264 0.02536474
 0.02533215 0.01761492 0.01753903 0.01445309 0.01404234 0.0135317
 0.01352954 0.01283123 0.01272971 0.01051012 0.01025277 0.00910202
 0.00876597 0.00838869 0.00838597 0.00822996]"
